tick,A,q,u,v,event,r_den,width_over_pi,x,y,z
0,0,0,1,2,0,2,1,0,0,3
1,0,0,2,3,0,6,0.33333333333333331,0,0,5
2,0,0,3,5,0,15,0.13333333333333333,0,0,8
3,0,0,5,8,0,40,0.050000000000000003,0,0,13
4,0,0,8,13,0,104,0.019230769230769232,0,0,21
5,0,0,13,21,0,273,0.007326007326007326,0,0,34
6,0,0,21,34,0,714,0.0028011204481792717,0,0,55
7,0,0,34,55,0,1870,0.0010695187165775401,0,0,89
8,0,0,55,89,0,4895,0.00040858018386108274,0,0,144
9,1,1,1,1,1,1,2,1,1,2
10,1,1,1,2,0,2,1,1,1,3
11,1,1,2,3,0,6,0.33333333333333331,1,1,5
12,1,1,3,5,0,15,0.13333333333333333,1,1,8
13,1,1,5,8,0,40,0.050000000000000003,1,1,13
14,1,1,8,13,0,104,0.019230769230769232,1,1,21
15,1,1,13,21,0,273,0.007326007326007326,1,1,34
16,1,1,21,34,0,714,0.0028011204481792717,1,1,55
17,1,1,34,55,0,1870,0.0010695187165775401,1,1,89
18,1,1,55,89,0,4895,0.00040858018386108274,1,1,144
19,2,2,1,1,1,1,2,2,2,2
20,2,2,1,2,0,2,1,2,2,3
21,2,2,2,3,0,6,0.33333333333333331,2,2,5
22,2,2,3,5,0,15,0.13333333333333333,2,2,8
23,2,2,5,8,0,40,0.050000000000000003,2,2,13
24,2,2,8,13,0,104,0.019230769230769232,2,2,21
25,2,2,13,21,0,273,0.007326007326007326,2,2,34
26,2,2,21,34,0,714,0.0028011204481792717,2,2,55
27,2,2,34,55,0,1870,0.0010695187165775401,2,2,89
28,2,2,55,89,0,4895,0.00040858018386108274,2,2,144
29,3,3,1,1,1,1,2,3,3,2
30,3,3,1,2,0,2,1,3,3,3
31,3,3,2,3,0,6,0.33333333333333331,3,3,5
32,3,3,3,5,0,15,0.13333333333333333,3,3,8
33,3,3,5,8,0,40,0.050000000000000003,3,3,13
34,3,3,8,13,0,104,0.019230769230769232,3,3,21
35,3,3,13,21,0,273,0.007326007326007326,3,3,34
36,3,3,21,34,0,714,0.0028011204481792717,3,3,55
37,3,3,34,55,0,1870,0.0010695187165775401,3,3,89
38,3,3,55,89,0,4895,0.00040858018386108274,3,3,144
39,4,0,1,1,1,1,2,0,4,2
40,4,0,1,2,0,2,1,0,4,3
41,4,0,2,3,0,6,0.33333333333333331,0,4,5
42,4,0,3,5,0,15,0.13333333333333333,0,4,8
43,4,0,5,8,0,40,0.050000000000000003,0,4,13
44,4,0,8,13,0,104,0.019230769230769232,0,4,21
45,4,0,13,21,0,273,0.007326007326007326,0,4,34
46,4,0,21,34,0,714,0.0028011204481792717,0,4,55
47,4,0,34,55,0,1870,0.0010695187165775401,0,4,89
48,4,0,55,89,0,4895,0.00040858018386108274,0,4,144
49,5,1,1,1,1,1,2,1,5,2
50,5,1,1,2,0,2,1,1,5,3
51,5,1,2,3,0,6,0.33333333333333331,1,5,5
52,5,1,3,5,0,15,0.13333333333333333,1,5,8
53,5,1,5,8,0,40,0.050000000000000003,1,5,13
54,5,1,8,13,0,104,0.019230769230769232,1,5,21
55,5,1,13,21,0,273,0.007326007326007326,1,5,34
56,5,1,21,34,0,714,0.0028011204481792717,1,5,55
57,5,1,34,55,0,1870,0.0010695187165775401,1,5,89
58,5,1,55,89,0,4895,0.00040858018386108274,1,5,144
59,6,2,1,1,1,1,2,2,6,2
60,6,2,1,2,0,2,1,2,6,3
61,6,2,2,3,0,6,0.33333333333333331,2,6,5
62,6,2,3,5,0,15,0.13333333333333333,2,6,8
63,6,2,5,8,0,40,0.050000000000000003,2,6,13
64,6,2,8,13,0,104,0.019230769230769232,2,6,21
65,6,2,13,21,0,273,0.007326007326007326,2,6,34
66,6,2,21,34,0,714,0.0028011204481792717,2,6,55
67,6,2,34,55,0,1870,0.0010695187165775401,2,6,89
68,6,2,55,89,0,4895,0.00040858018386108274,2,6,144
69,7,3,1,1,1,1,2,3,7,2
70,7,3,1,2,0,2,1,3,7,3
71,7,3,2,3,0,6,0.33333333333333331,3,7,5
72,7,3,3,5,0,15,0.13333333333333333,3,7,8
73,7,3,5,8,0,40,0.050000000000000003,3,7,13
74,7,3,8,13,0,104,0.019230769230769232,3,7,21
75,7,3,13,21,0,273,0.007326007326007326,3,7,34
76,7,3,21,34,0,714,0.0028011204481792717,3,7,55
77,7,3,34,55,0,1870,0.0010695187165775401,3,7,89
78,7,3,55,89,0,4895,0.00040858018386108274,3,7,144
79,8,0,1,1,1,1,2,0,8,2
80,8,0,1,2,0,2,1,0,8,3
81,8,0,2,3,0,6,0.33333333333333331,0,8,5
82,8,0,3,5,0,15,0.13333333333333333,0,8,8
83,8,0,5,8,0,40,0.050000000000000003,0,8,13
84,8,0,8,13,0,104,0.019230769230769232,0,8,21
85,8,0,13,21,0,273,0.007326007326007326,0,8,34
86,8,0,21,34,0,714,0.0028011204481792717,0,8,55
87,8,0,34,55,0,1870,0.0010695187165775401,0,8,89
88,8,0,55,89,0,4895,0.00040858018386108274,0,8,144
89,9,1,1,1,1,1,2,1,9,2
90,9,1,1,2,0,2,1,1,9,3
91,9,1,2,3,0,6,0.33333333333333331,1,9,5
92,9,1,3,5,0,15,0.13333333333333333,1,9,8
93,9,1,5,8,0,40,0.050000000000000003,1,9,13
94,9,1,8,13,0,104,0.019230769230769232,1,9,21
95,9,1,13,21,0,273,0.007326007326007326,1,9,34
96,9,1,21,34,0,714,0.0028011204481792717,1,9,55
97,9,1,34,55,0,1870,0.0010695187165775401,1,9,89
98,9,1,55,89,0,4895,0.00040858018386108274,1,9,144
99,10,2,1,1,1,1,2,2,10,2
100,10,2,1,2,0,2,1,2,10,3
101,10,2,2,3,0,6,0.33333333333333331,2,10,5
102,10,2,3,5,0,15,0.13333333333333333,2,10,8
103,10,2,5,8,0,40,0.050000000000000003,2,10,13
104,10,2,8,13,0,104,0.019230769230769232,2,10,21
105,10,2,13,21,0,273,0.007326007326007326,2,10,34
106,10,2,21,34,0,714,0.0028011204481792717,2,10,55
107,10,2,34,55,0,1870,0.0010695187165775401,2,10,89
108,10,2,55,89,0,4895,0.00040858018386108274,2,10,144
109,11,3,1,1,1,1,2,3,11,2
110,11,3,1,2,0,2,1,3,11,3
111,11,3,2,3,0,6,0.33333333333333331,3,11,5
112,11,3,3,5,0,15,0.13333333333333333,3,11,8
113,11,3,5,8,0,40,0.050000000000000003,3,11,13
114,11,3,8,13,0,104,0.019230769230769232,3,11,21
115,11,3,13,21,0,273,0.007326007326007326,3,11,34
116,11,3,21,34,0,714,0.0028011204481792717,3,11,55
117,11,3,34,55,0,1870,0.0010695187165775401,3,11,89
118,11,3,55,89,0,4895,0.00040858018386108274,3,11,144
119,12,0,1,1,1,1,2,0,12,2
120,12,0,1,2,0,2,1,0,12,3
121,12,0,2,3,0,6,0.33333333333333331,0,12,5
122,12,0,3,5,0,15,0.13333333333333333,0,12,8
123,12,0,5,8,0,40,0.050000000000000003,0,12,13
124,12,0,8,13,0,104,0.019230769230769232,0,12,21
125,12,0,13,21,0,273,0.007326007326007326,0,12,34
126,12,0,21,34,0,714,0.0028011204481792717,0,12,55
127,12,0,34,55,0,1870,0.0010695187165775401,0,12,89
128,12,0,55,89,0,4895,0.00040858018386108274,0,12,144
129,13,1,1,1,1,1,2,1,13,2
130,13,1,1,2,0,2,1,1,13,3
131,13,1,2,3,0,6,0.33333333333333331,1,13,5
132,13,1,3,5,0,15,0.13333333333333333,1,13,8
133,13,1,5,8,0,40,0.050000000000000003,1,13,13
134,13,1,8,13,0,104,0.019230769230769232,1,13,21
135,13,1,13,21,0,273,0.007326007326007326,1,13,34
136,13,1,21,34,0,714,0.0028011204481792717,1,13,55
137,13,1,34,55,0,1870,0.0010695187165775401,1,13,89
138,13,1,55,89,0,4895,0.00040858018386108274,1,13,144
139,14,2,1,1,1,1,2,2,14,2
140,14,2,1,2,0,2,1,2,14,3
141,14,2,2,3,0,6,0.33333333333333331,2,14,5
142,14,2,3,5,0,15,0.13333333333333333,2,14,8
143,14,2,5,8,0,40,0.050000000000000003,2,14,13
144,14,2,8,13,0,104,0.019230769230769232,2,14,21
145,14,2,13,21,0,273,0.007326007326007326,2,14,34
146,14,2,21,34,0,714,0.0028011204481792717,2,14,55
147,14,2,34,55,0,1870,0.0010695187165775401,2,14,89
148,14,2,55,89,0,4895,0.00040858018386108274,2,14,144
149,15,3,1,1,1,1,2,3,15,2
150,15,3,1,2,0,2,1,3,15,3
151,15,3,2,3,0,6,0.33333333333333331,3,15,5
152,15,3,3,5,0,15,0.13333333333333333,3,15,8
153,15,3,5,8,0,40,0.050000000000000003,3,15,13
154,15,3,8,13,0,104,0.019230769230769232,3,15,21
155,15,3,13,21,0,273,0.007326007326007326,3,15,34
156,15,3,21,34,0,714,0.0028011204481792717,3,15,55
157,15,3,34,55,0,1870,0.0010695187165775401,3,15,89
158,15,3,55,89,0,4895,0.00040858018386108274,3,15,144
159,16,0,1,1,1,1,2,0,16,2
160,16,0,1,2,0,2,1,0,16,3
161,16,0,2,3,0,6,0.33333333333333331,0,16,5
162,16,0,3,5,0,15,0.13333333333333333,0,16,8
163,16,0,5,8,0,40,0.050000000000000003,0,16,13
164,16,0,8,13,0,104,0.019230769230769232,0,16,21
165,16,0,13,21,0,273,0.007326007326007326,0,16,34
166,16,0,21,34,0,714,0.0028011204481792717,0,16,55
167,16,0,34,55,0,1870,0.0010695187165775401,0,16,89
168,16,0,55,89,0,4895,0.00040858018386108274,0,16,144
169,17,1,1,1,1,1,2,1,17,2
170,17,1,1,2,0,2,1,1,17,3
171,17,1,2,3,0,6,0.33333333333333331,1,17,5
172,17,1,3,5,0,15,0.13333333333333333,1,17,8
173,17,1,5,8,0,40,0.050000000000000003,1,17,13
174,17,1,8,13,0,104,0.019230769230769232,1,17,21
175,17,1,13,21,0,273,0.007326007326007326,1,17,34
176,17,1,21,34,0,714,0.0028011204481792717,1,17,55
177,17,1,34,55,0,1870,0.0010695187165775401,1,17,89
178,17,1,55,89,0,4895,0.00040858018386108274,1,17,144
179,18,2,1,1,1,1,2,2,18,2
180,18,2,1,2,0,2,1,2,18,3
181,18,2,2,3,0,6,0.33333333333333331,2,18,5
182,18,2,3,5,0,15,0.13333333333333333,2,18,8
183,18,2,5,8,0,40,0.050000000000000003,2,18,13
184,18,2,8,13,0,104,0.019230769230769232,2,18,21
185,18,2,13,21,0,273,0.007326007326007326,2,18,34
186,18,2,21,34,0,714,0.0028011204481792717,2,18,55
187,18,2,34,55,0,1870,0.0010695187165775401,2,18,89
188,18,2,55,89,0,4895,0.00040858018386108274,2,18,144
189,19,3,1,1,1,1,2,3,19,2
190,19,3,1,2,0,2,1,3,19,3
191,19,3,2,3,0,6,0.33333333333333331,3,19,5
192,19,3,3,5,0,15,0.13333333333333333,3,19,8
193,19,3,5,8,0,40,0.050000000000000003,3,19,13
194,19,3,8,13,0,104,0.019230769230769232,3,19,21
195,19,3,13,21,0,273,0.007326007326007326,3,19,34
196,19,3,21,34,0,714,0.0028011204481792717,3,19,55
197,19,3,34,55,0,1870,0.0010695187165775401,3,19,89
198,19,3,55,89,0,4895,0.00040858018386108274,3,19,144
199,20,0,1,1,1,1,2,0,20,2
200,20,0,1,2,0,2,1,0,20,3
201,20,0,2,3,0,6,0.33333333333333331,0,20,5
202,20,0,3,5,0,15,0.13333333333333333,0,20,8
203,20,0,5,8,0,40,0.050000000000000003,0,20,13
204,20,0,8,13,0,104,0.019230769230769232,0,20,21
205,20,0,13,21,0,273,0.007326007326007326,0,20,34
206,20,0,21,34,0,714,0.0028011204481792717,0,20,55
207,20,0,34,55,0,1870,0.0010695187165775401,0,20,89
208,20,0,55,89,0,4895,0.00040858018386108274,0,20,144
209,21,1,1,1,1,1,2,1,21,2
210,21,1,1,2,0,2,1,1,21,3
211,21,1,2,3,0,6,0.33333333333333331,1,21,5
212,21,1,3,5,0,15,0.13333333333333333,1,21,8
213,21,1,5,8,0,40,0.050000000000000003,1,21,13
214,21,1,8,13,0,104,0.019230769230769232,1,21,21
215,21,1,13,21,0,273,0.007326007326007326,1,21,34
216,21,1,21,34,0,714,0.0028011204481792717,1,21,55
217,21,1,34,55,0,1870,0.0010695187165775401,1,21,89
218,21,1,55,89,0,4895,0.00040858018386108274,1,21,144
219,22,2,1,1,1,1,2,2,22,2
220,22,2,1,2,0,2,1,2,22,3
221,22,2,2,3,0,6,0.33333333333333331,2,22,5
222,22,2,3,5,0,15,0.13333333333333333,2,22,8
223,22,2,5,8,0,40,0.050000000000000003,2,22,13
224,22,2,8,13,0,104,0.019230769230769232,2,22,21
225,22,2,13,21,0,273,0.007326007326007326,2,22,34
226,22,2,21,34,0,714,0.0028011204481792717,2,22,55
227,22,2,34,55,0,1870,0.0010695187165775401,2,22,89
228,22,2,55,89,0,4895,0.00040858018386108274,2,22,144
229,23,3,1,1,1,1,2,3,23,2
230,23,3,1,2,0,2,1,3,23,3
231,23,3,2,3,0,6,0.33333333333333331,3,23,5
232,23,3,3,5,0,15,0.13333333333333333,3,23,8
233,23,3,5,8,0,40,0.050000000000000003,3,23,13
234,23,3,8,13,0,104,0.019230769230769232,3,23,21
235,23,3,13,21,0,273,0.007326007326007326,3,23,34
236,23,3,21,34,0,714,0.0028011204481792717,3,23,55
237,23,3,34,55,0,1870,0.0010695187165775401,3,23,89
238,23,3,55,89,0,4895,0.00040858018386108274,3,23,144
239,24,0,1,1,1,1,2,0,24,2
240,24,0,1,2,0,2,1,0,24,3
241,24,0,2,3,0,6,0.33333333333333331,0,24,5
242,24,0,3,5,0,15,0.13333333333333333,0,24,8
243,24,0,5,8,0,40,0.050000000000000003,0,24,13
244,24,0,8,13,0,104,0.019230769230769232,0,24,21
245,24,0,13,21,0,273,0.007326007326007326,0,24,34
246,24,0,21,34,0,714,0.0028011204481792717,0,24,55
247,24,0,34,55,0,1870,0.0010695187165775401,0,24,89
248,24,0,55,89,0,4895,0.00040858018386108274,0,24,144
249,25,1,1,1,1,1,2,1,25,2
250,25,1,1,2,0,2,1,1,25,3
251,25,1,2,3,0,6,0.33333333333333331,1,25,5
252,25,1,3,5,0,15,0.13333333333333333,1,25,8
253,25,1,5,8,0,40,0.050000000000000003,1,25,13
254,25,1,8,13,0,104,0.019230769230769232,1,25,21
255,25,1,13,21,0,273,0.007326007326007326,1,25,34
256,25,1,21,34,0,714,0.0028011204481792717,1,25,55
257,25,1,34,55,0,1870,0.0010695187165775401,1,25,89
258,25,1,55,89,0,4895,0.00040858018386108274,1,25,144
259,26,2,1,1,1,1,2,2,26,2
260,26,2,1,2,0,2,1,2,26,3
261,26,2,2,3,0,6,0.33333333333333331,2,26,5
262,26,2,3,5,0,15,0.13333333333333333,2,26,8
263,26,2,5,8,0,40,0.050000000000000003,2,26,13
264,26,2,8,13,0,104,0.019230769230769232,2,26,21
265,26,2,13,21,0,273,0.007326007326007326,2,26,34
266,26,2,21,34,0,714,0.0028011204481792717,2,26,55
267,26,2,34,55,0,1870,0.0010695187165775401,2,26,89
268,26,2,55,89,0,4895,0.00040858018386108274,2,26,144
269,27,3,1,1,1,1,2,3,27,2
270,27,3,1,2,0,2,1,3,27,3
271,27,3,2,3,0,6,0.33333333333333331,3,27,5
272,27,3,3,5,0,15,0.13333333333333333,3,27,8
273,27,3,5,8,0,40,0.050000000000000003,3,27,13
274,27,3,8,13,0,104,0.019230769230769232,3,27,21
275,27,3,13,21,0,273,0.007326007326007326,3,27,34
276,27,3,21,34,0,714,0.0028011204481792717,3,27,55
277,27,3,34,55,0,1870,0.0010695187165775401,3,27,89
278,27,3,55,89,0,4895,0.00040858018386108274,3,27,144
279,28,0,1,1,1,1,2,0,28,2
280,28,0,1,2,0,2,1,0,28,3
281,28,0,2,3,0,6,0.33333333333333331,0,28,5
282,28,0,3,5,0,15,0.13333333333333333,0,28,8
283,28,0,5,8,0,40,0.050000000000000003,0,28,13
284,28,0,8,13,0,104,0.019230769230769232,0,28,21
285,28,0,13,21,0,273,0.007326007326007326,0,28,34
286,28,0,21,34,0,714,0.0028011204481792717,0,28,55
287,28,0,34,55,0,1870,0.0010695187165775401,0,28,89
288,28,0,55,89,0,4895,0.00040858018386108274,0,28,144
289,29,1,1,1,1,1,2,1,29,2
290,29,1,1,2,0,2,1,1,29,3
291,29,1,2,3,0,6,0.33333333333333331,1,29,5
292,29,1,3,5,0,15,0.13333333333333333,1,29,8
293,29,1,5,8,0,40,0.050000000000000003,1,29,13
294,29,1,8,13,0,104,0.019230769230769232,1,29,21
295,29,1,13,21,0,273,0.007326007326007326,1,29,34
296,29,1,21,34,0,714,0.0028011204481792717,1,29,55
297,29,1,34,55,0,1870,0.0010695187165775401,1,29,89
298,29,1,55,89,0,4895,0.00040858018386108274,1,29,144
299,30,2,1,1,1,1,2,2,30,2
300,30,2,1,2,0,2,1,2,30,3
301,30,2,2,3,0,6,0.33333333333333331,2,30,5
302,30,2,3,5,0,15,0.13333333333333333,2,30,8
303,30,2,5,8,0,40,0.050000000000000003,2,30,13
304,30,2,8,13,0,104,0.019230769230769232,2,30,21
305,30,2,13,21,0,273,0.007326007326007326,2,30,34
306,30,2,21,34,0,714,0.0028011204481792717,2,30,55
307,30,2,34,55,0,1870,0.0010695187165775401,2,30,89
308,30,2,55,89,0,4895,0.00040858018386108274,2,30,144
309,31,3,1,1,1,1,2,3,31,2
310,31,3,1,2,0,2,1,3,31,3
311,31,3,2,3,0,6,0.33333333333333331,3,31,5
312,31,3,3,5,0,15,0.13333333333333333,3,31,8
313,31,3,5,8,0,40,0.050000000000000003,3,31,13
314,31,3,8,13,0,104,0.019230769230769232,3,31,21
315,31,3,13,21,0,273,0.007326007326007326,3,31,34
316,31,3,21,34,0,714,0.0028011204481792717,3,31,55
317,31,3,34,55,0,1870,0.0010695187165775401,3,31,89
318,31,3,55,89,0,4895,0.00040858018386108274,3,31,144
319,32,0,1,1,1,1,2,0,32,2
320,32,0,1,2,0,2,1,0,32,3
321,32,0,2,3,0,6,0.33333333333333331,0,32,5
322,32,0,3,5,0,15,0.13333333333333333,0,32,8
323,32,0,5,8,0,40,0.050000000000000003,0,32,13
324,32,0,8,13,0,104,0.019230769230769232,0,32,21
325,32,0,13,21,0,273,0.007326007326007326,0,32,34
326,32,0,21,34,0,714,0.0028011204481792717,0,32,55
327,32,0,34,55,0,1870,0.0010695187165775401,0,32,89
328,32,0,55,89,0,4895,0.00040858018386108274,0,32,144
329,33,1,1,1,1,1,2,1,33,2
330,33,1,1,2,0,2,1,1,33,3
331,33,1,2,3,0,6,0.33333333333333331,1,33,5
332,33,1,3,5,0,15,0.13333333333333333,1,33,8
333,33,1,5,8,0,40,0.050000000000000003,1,33,13
334,33,1,8,13,0,104,0.019230769230769232,1,33,21
335,33,1,13,21,0,273,0.007326007326007326,1,33,34
336,33,1,21,34,0,714,0.0028011204481792717,1,33,55
337,33,1,34,55,0,1870,0.0010695187165775401,1,33,89
338,33,1,55,89,0,4895,0.00040858018386108274,1,33,144
339,34,2,1,1,1,1,2,2,34,2
340,34,2,1,2,0,2,1,2,34,3
341,34,2,2,3,0,6,0.33333333333333331,2,34,5
342,34,2,3,5,0,15,0.13333333333333333,2,34,8
343,34,2,5,8,0,40,0.050000000000000003,2,34,13
344,34,2,8,13,0,104,0.019230769230769232,2,34,21
345,34,2,13,21,0,273,0.007326007326007326,2,34,34
346,34,2,21,34,0,714,0.0028011204481792717,2,34,55
347,34,2,34,55,0,1870,0.0010695187165775401,2,34,89
348,34,2,55,89,0,4895,0.00040858018386108274,2,34,144
349,35,3,1,1,1,1,2,3,35,2
350,35,3,1,2,0,2,1,3,35,3
351,35,3,2,3,0,6,0.33333333333333331,3,35,5
352,35,3,3,5,0,15,0.13333333333333333,3,35,8
353,35,3,5,8,0,40,0.050000000000000003,3,35,13
354,35,3,8,13,0,104,0.019230769230769232,3,35,21
355,35,3,13,21,0,273,0.007326007326007326,3,35,34
356,35,3,21,34,0,714,0.0028011204481792717,3,35,55
357,35,3,34,55,0,1870,0.0010695187165775401,3,35,89
358,35,3,55,89,0,4895,0.00040858018386108274,3,35,144
359,36,0,1,1,1,1,2,0,36,2
360,36,0,1,2,0,2,1,0,36,3
361,36,0,2,3,0,6,0.33333333333333331,0,36,5
362,36,0,3,5,0,15,0.13333333333333333,0,36,8
363,36,0,5,8,0,40,0.050000000000000003,0,36,13
364,36,0,8,13,0,104,0.019230769230769232,0,36,21
365,36,0,13,21,0,273,0.007326007326007326,0,36,34
366,36,0,21,34,0,714,0.0028011204481792717,0,36,55
367,36,0,34,55,0,1870,0.0010695187165775401,0,36,89
368,36,0,55,89,0,4895,0.00040858018386108274,0,36,144
369,37,1,1,1,1,1,2,1,37,2
370,37,1,1,2,0,2,1,1,37,3
371,37,1,2,3,0,6,0.33333333333333331,1,37,5
372,37,1,3,5,0,15,0.13333333333333333,1,37,8
373,37,1,5,8,0,40,0.050000000000000003,1,37,13
374,37,1,8,13,0,104,0.019230769230769232,1,37,21
375,37,1,13,21,0,273,0.007326007326007326,1,37,34
376,37,1,21,34,0,714,0.0028011204481792717,1,37,55
377,37,1,34,55,0,1870,0.0010695187165775401,1,37,89
378,37,1,55,89,0,4895,0.00040858018386108274,1,37,144
379,38,2,1,1,1,1,2,2,38,2
380,38,2,1,2,0,2,1,2,38,3
381,38,2,2,3,0,6,0.33333333333333331,2,38,5
382,38,2,3,5,0,15,0.13333333333333333,2,38,8
383,38,2,5,8,0,40,0.050000000000000003,2,38,13
384,38,2,8,13,0,104,0.019230769230769232,2,38,21
385,38,2,13,21,0,273,0.007326007326007326,2,38,34
386,38,2,21,34,0,714,0.0028011204481792717,2,38,55
387,38,2,34,55,0,1870,0.0010695187165775401,2,38,89
388,38,2,55,89,0,4895,0.00040858018386108274,2,38,144
389,39,3,1,1,1,1,2,3,39,2
390,39,3,1,2,0,2,1,3,39,3
391,39,3,2,3,0,6,0.33333333333333331,3,39,5
392,39,3,3,5,0,15,0.13333333333333333,3,39,8
393,39,3,5,8,0,40,0.050000000000000003,3,39,13
394,39,3,8,13,0,104,0.019230769230769232,3,39,21
395,39,3,13,21,0,273,0.007326007326007326,3,39,34
396,39,3,21,34,0,714,0.0028011204481792717,3,39,55
397,39,3,34,55,0,1870,0.0010695187165775401,3,39,89
398,39,3,55,89,0,4895,0.00040858018386108274,3,39,144
399,40,0,1,1,1,1,2,0,40,2
400,40,0,1,2,0,2,1,0,40,3
401,40,0,2,3,0,6,0.33333333333333331,0,40,5
402,40,0,3,5,0,15,0.13333333333333333,0,40,8
403,40,0,5,8,0,40,0.050000000000000003,0,40,13
404,40,0,8,13,0,104,0.019230769230769232,0,40,21
405,40,0,13,21,0,273,0.007326007326007326,0,40,34
406,40,0,21,34,0,714,0.0028011204481792717,0,40,55
407,40,0,34,55,0,1870,0.0010695187165775401,0,40,89
408,40,0,55,89,0,4895,0.00040858018386108274,0,40,144
409,41,1,1,1,1,1,2,1,41,2
410,41,1,1,2,0,2,1,1,41,3
411,41,1,2,3,0,6,0.33333333333333331,1,41,5
412,41,1,3,5,0,15,0.13333333333333333,1,41,8
413,41,1,5,8,0,40,0.050000000000000003,1,41,13
414,41,1,8,13,0,104,0.019230769230769232,1,41,21
415,41,1,13,21,0,273,0.007326007326007326,1,41,34
416,41,1,21,34,0,714,0.0028011204481792717,1,41,55
417,41,1,34,55,0,1870,0.0010695187165775401,1,41,89
418,41,1,55,89,0,4895,0.00040858018386108274,1,41,144
419,42,2,1,1,1,1,2,2,42,2
420,42,2,1,2,0,2,1,2,42,3
421,42,2,2,3,0,6,0.33333333333333331,2,42,5
422,42,2,3,5,0,15,0.13333333333333333,2,42,8
423,42,2,5,8,0,40,0.050000000000000003,2,42,13
424,42,2,8,13,0,104,0.019230769230769232,2,42,21
425,42,2,13,21,0,273,0.007326007326007326,2,42,34
426,42,2,21,34,0,714,0.0028011204481792717,2,42,55
427,42,2,34,55,0,1870,0.0010695187165775401,2,42,89
428,42,2,55,89,0,4895,0.00040858018386108274,2,42,144
429,43,3,1,1,1,1,2,3,43,2
430,43,3,1,2,0,2,1,3,43,3
431,43,3,2,3,0,6,0.33333333333333331,3,43,5
432,43,3,3,5,0,15,0.13333333333333333,3,43,8
433,43,3,5,8,0,40,0.050000000000000003,3,43,13
434,43,3,8,13,0,104,0.019230769230769232,3,43,21
435,43,3,13,21,0,273,0.007326007326007326,3,43,34
436,43,3,21,34,0,714,0.0028011204481792717,3,43,55
437,43,3,34,55,0,1870,0.0010695187165775401,3,43,89
438,43,3,55,89,0,4895,0.00040858018386108274,3,43,144
439,44,0,1,1,1,1,2,0,44,2
440,44,0,1,2,0,2,1,0,44,3
441,44,0,2,3,0,6,0.33333333333333331,0,44,5
442,44,0,3,5,0,15,0.13333333333333333,0,44,8
443,44,0,5,8,0,40,0.050000000000000003,0,44,13
444,44,0,8,13,0,104,0.019230769230769232,0,44,21
445,44,0,13,21,0,273,0.007326007326007326,0,44,34
446,44,0,21,34,0,714,0.0028011204481792717,0,44,55
447,44,0,34,55,0,1870,0.0010695187165775401,0,44,89
448,44,0,55,89,0,4895,0.00040858018386108274,0,44,144
449,45,1,1,1,1,1,2,1,45,2
450,45,1,1,2,0,2,1,1,45,3
451,45,1,2,3,0,6,0.33333333333333331,1,45,5
452,45,1,3,5,0,15,0.13333333333333333,1,45,8
453,45,1,5,8,0,40,0.050000000000000003,1,45,13
454,45,1,8,13,0,104,0.019230769230769232,1,45,21
455,45,1,13,21,0,273,0.007326007326007326,1,45,34
456,45,1,21,34,0,714,0.0028011204481792717,1,45,55
457,45,1,34,55,0,1870,0.0010695187165775401,1,45,89
458,45,1,55,89,0,4895,0.00040858018386108274,1,45,144
459,46,2,1,1,1,1,2,2,46,2
460,46,2,1,2,0,2,1,2,46,3
461,46,2,2,3,0,6,0.33333333333333331,2,46,5
462,46,2,3,5,0,15,0.13333333333333333,2,46,8
463,46,2,5,8,0,40,0.050000000000000003,2,46,13
464,46,2,8,13,0,104,0.019230769230769232,2,46,21
465,46,2,13,21,0,273,0.007326007326007326,2,46,34
466,46,2,21,34,0,714,0.0028011204481792717,2,46,55
467,46,2,34,55,0,1870,0.0010695187165775401,2,46,89
468,46,2,55,89,0,4895,0.00040858018386108274,2,46,144
469,47,3,1,1,1,1,2,3,47,2
470,47,3,1,2,0,2,1,3,47,3
471,47,3,2,3,0,6,0.33333333333333331,3,47,5
472,47,3,3,5,0,15,0.13333333333333333,3,47,8
473,47,3,5,8,0,40,0.050000000000000003,3,47,13
474,47,3,8,13,0,104,0.019230769230769232,3,47,21
475,47,3,13,21,0,273,0.007326007326007326,3,47,34
476,47,3,21,34,0,714,0.0028011204481792717,3,47,55
477,47,3,34,55,0,1870,0.0010695187165775401,3,47,89
478,47,3,55,89,0,4895,0.00040858018386108274,3,47,144
479,48,0,1,1,1,1,2,0,48,2
480,48,0,1,2,0,2,1,0,48,3
481,48,0,2,3,0,6,0.33333333333333331,0,48,5
482,48,0,3,5,0,15,0.13333333333333333,0,48,8
483,48,0,5,8,0,40,0.050000000000000003,0,48,13
484,48,0,8,13,0,104,0.019230769230769232,0,48,21
485,48,0,13,21,0,273,0.007326007326007326,0,48,34
486,48,0,21,34,0,714,0.0028011204481792717,0,48,55
487,48,0,34,55,0,1870,0.0010695187165775401,0,48,89
488,48,0,55,89,0,4895,0.00040858018386108274,0,48,144
489,49,1,1,1,1,1,2,1,49,2
490,49,1,1,2,0,2,1,1,49,3
491,49,1,2,3,0,6,0.33333333333333331,1,49,5
492,49,1,3,5,0,15,0.13333333333333333,1,49,8
493,49,1,5,8,0,40,0.050000000000000003,1,49,13
494,49,1,8,13,0,104,0.019230769230769232,1,49,21
495,49,1,13,21,0,273,0.007326007326007326,1,49,34
496,49,1,21,34,0,714,0.0028011204481792717,1,49,55
497,49,1,34,55,0,1870,0.0010695187165775401,1,49,89
498,49,1,55,89,0,4895,0.00040858018386108274,1,49,144
499,50,2,1,1,1,1,2,2,50,2
500,50,2,1,2,0,2,1,2,50,3
501,50,2,2,3,0,6,0.33333333333333331,2,50,5
502,50,2,3,5,0,15,0.13333333333333333,2,50,8
503,50,2,5,8,0,40,0.050000000000000003,2,50,13
504,50,2,8,13,0,104,0.019230769230769232,2,50,21
505,50,2,13,21,0,273,0.007326007326007326,2,50,34
506,50,2,21,34,0,714,0.0028011204481792717,2,50,55
507,50,2,34,55,0,1870,0.0010695187165775401,2,50,89
508,50,2,55,89,0,4895,0.00040858018386108274,2,50,144
509,51,3,1,1,1,1,2,3,51,2
510,51,3,1,2,0,2,1,3,51,3
511,51,3,2,3,0,6,0.33333333333333331,3,51,5
512,51,3,3,5,0,15,0.13333333333333333,3,51,8
513,51,3,5,8,0,40,0.050000000000000003,3,51,13
514,51,3,8,13,0,104,0.019230769230769232,3,51,21
515,51,3,13,21,0,273,0.007326007326007326,3,51,34
516,51,3,21,34,0,714,0.0028011204481792717,3,51,55
517,51,3,34,55,0,1870,0.0010695187165775401,3,51,89
518,51,3,55,89,0,4895,0.00040858018386108274,3,51,144
519,52,0,1,1,1,1,2,0,52,2
520,52,0,1,2,0,2,1,0,52,3
521,52,0,2,3,0,6,0.33333333333333331,0,52,5
522,52,0,3,5,0,15,0.13333333333333333,0,52,8
523,52,0,5,8,0,40,0.050000000000000003,0,52,13
524,52,0,8,13,0,104,0.019230769230769232,0,52,21
525,52,0,13,21,0,273,0.007326007326007326,0,52,34
526,52,0,21,34,0,714,0.0028011204481792717,0,52,55
527,52,0,34,55,0,1870,0.0010695187165775401,0,52,89
528,52,0,55,89,0,4895,0.00040858018386108274,0,52,144
529,53,1,1,1,1,1,2,1,53,2
530,53,1,1,2,0,2,1,1,53,3
531,53,1,2,3,0,6,0.33333333333333331,1,53,5
532,53,1,3,5,0,15,0.13333333333333333,1,53,8
533,53,1,5,8,0,40,0.050000000000000003,1,53,13
534,53,1,8,13,0,104,0.019230769230769232,1,53,21
535,53,1,13,21,0,273,0.007326007326007326,1,53,34
536,53,1,21,34,0,714,0.0028011204481792717,1,53,55
537,53,1,34,55,0,1870,0.0010695187165775401,1,53,89
538,53,1,55,89,0,4895,0.00040858018386108274,1,53,144
539,54,2,1,1,1,1,2,2,54,2
540,54,2,1,2,0,2,1,2,54,3
541,54,2,2,3,0,6,0.33333333333333331,2,54,5
542,54,2,3,5,0,15,0.13333333333333333,2,54,8
543,54,2,5,8,0,40,0.050000000000000003,2,54,13
544,54,2,8,13,0,104,0.019230769230769232,2,54,21
545,54,2,13,21,0,273,0.007326007326007326,2,54,34
546,54,2,21,34,0,714,0.0028011204481792717,2,54,55
547,54,2,34,55,0,1870,0.0010695187165775401,2,54,89
548,54,2,55,89,0,4895,0.00040858018386108274,2,54,144
549,55,3,1,1,1,1,2,3,55,2
550,55,3,1,2,0,2,1,3,55,3
551,55,3,2,3,0,6,0.33333333333333331,3,55,5
552,55,3,3,5,0,15,0.13333333333333333,3,55,8
553,55,3,5,8,0,40,0.050000000000000003,3,55,13
554,55,3,8,13,0,104,0.019230769230769232,3,55,21
555,55,3,13,21,0,273,0.007326007326007326,3,55,34
556,55,3,21,34,0,714,0.0028011204481792717,3,55,55
557,55,3,34,55,0,1870,0.0010695187165775401,3,55,89
558,55,3,55,89,0,4895,0.00040858018386108274,3,55,144
559,56,0,1,1,1,1,2,0,56,2
560,56,0,1,2,0,2,1,0,56,3
561,56,0,2,3,0,6,0.33333333333333331,0,56,5
562,56,0,3,5,0,15,0.13333333333333333,0,56,8
563,56,0,5,8,0,40,0.050000000000000003,0,56,13
564,56,0,8,13,0,104,0.019230769230769232,0,56,21
565,56,0,13,21,0,273,0.007326007326007326,0,56,34
566,56,0,21,34,0,714,0.0028011204481792717,0,56,55
567,56,0,34,55,0,1870,0.0010695187165775401,0,56,89
568,56,0,55,89,0,4895,0.00040858018386108274,0,56,144
569,57,1,1,1,1,1,2,1,57,2
570,57,1,1,2,0,2,1,1,57,3
571,57,1,2,3,0,6,0.33333333333333331,1,57,5
572,57,1,3,5,0,15,0.13333333333333333,1,57,8
573,57,1,5,8,0,40,0.050000000000000003,1,57,13
574,57,1,8,13,0,104,0.019230769230769232,1,57,21
575,57,1,13,21,0,273,0.007326007326007326,1,57,34
576,57,1,21,34,0,714,0.0028011204481792717,1,57,55
577,57,1,34,55,0,1870,0.0010695187165775401,1,57,89
578,57,1,55,89,0,4895,0.00040858018386108274,1,57,144
579,58,2,1,1,1,1,2,2,58,2
580,58,2,1,2,0,2,1,2,58,3
581,58,2,2,3,0,6,0.33333333333333331,2,58,5
582,58,2,3,5,0,15,0.13333333333333333,2,58,8
583,58,2,5,8,0,40,0.050000000000000003,2,58,13
584,58,2,8,13,0,104,0.019230769230769232,2,58,21
585,58,2,13,21,0,273,0.007326007326007326,2,58,34
586,58,2,21,34,0,714,0.0028011204481792717,2,58,55
587,58,2,34,55,0,1870,0.0010695187165775401,2,58,89
588,58,2,55,89,0,4895,0.00040858018386108274,2,58,144
589,59,3,1,1,1,1,2,3,59,2
590,59,3,1,2,0,2,1,3,59,3
591,59,3,2,3,0,6,0.33333333333333331,3,59,5
592,59,3,3,5,0,15,0.13333333333333333,3,59,8
593,59,3,5,8,0,40,0.050000000000000003,3,59,13
594,59,3,8,13,0,104,0.019230769230769232,3,59,21
595,59,3,13,21,0,273,0.007326007326007326,3,59,34
596,59,3,21,34,0,714,0.0028011204481792717,3,59,55
597,59,3,34,55,0,1870,0.0010695187165775401,3,59,89
598,59,3,55,89,0,4895,0.00040858018386108274,3,59,144
599,60,0,1,1,1,1,2,0,60,2
600,60,0,1,2,0,2,1,0,60,3
601,60,0,2,3,0,6,0.33333333333333331,0,60,5
602,60,0,3,5,0,15,0.13333333333333333,0,60,8
603,60,0,5,8,0,40,0.050000000000000003,0,60,13
604,60,0,8,13,0,104,0.019230769230769232,0,60,21
605,60,0,13,21,0,273,0.007326007326007326,0,60,34
606,60,0,21,34,0,714,0.0028011204481792717,0,60,55
607,60,0,34,55,0,1870,0.0010695187165775401,0,60,89
608,60,0,55,89,0,4895,0.00040858018386108274,0,60,144
609,61,1,1,1,1,1,2,1,61,2
610,61,1,1,2,0,2,1,1,61,3
611,61,1,2,3,0,6,0.33333333333333331,1,61,5
612,61,1,3,5,0,15,0.13333333333333333,1,61,8
613,61,1,5,8,0,40,0.050000000000000003,1,61,13
614,61,1,8,13,0,104,0.019230769230769232,1,61,21
615,61,1,13,21,0,273,0.007326007326007326,1,61,34
616,61,1,21,34,0,714,0.0028011204481792717,1,61,55
617,61,1,34,55,0,1870,0.0010695187165775401,1,61,89
618,61,1,55,89,0,4895,0.00040858018386108274,1,61,144
619,62,2,1,1,1,1,2,2,62,2
620,62,2,1,2,0,2,1,2,62,3
621,62,2,2,3,0,6,0.33333333333333331,2,62,5
622,62,2,3,5,0,15,0.13333333333333333,2,62,8
623,62,2,5,8,0,40,0.050000000000000003,2,62,13
624,62,2,8,13,0,104,0.019230769230769232,2,62,21
625,62,2,13,21,0,273,0.007326007326007326,2,62,34
626,62,2,21,34,0,714,0.0028011204481792717,2,62,55
627,62,2,34,55,0,1870,0.0010695187165775401,2,62,89
628,62,2,55,89,0,4895,0.00040858018386108274,2,62,144
629,63,3,1,1,1,1,2,3,63,2
630,63,3,1,2,0,2,1,3,63,3
631,63,3,2,3,0,6,0.33333333333333331,3,63,5
632,63,3,3,5,0,15,0.13333333333333333,3,63,8
633,63,3,5,8,0,40,0.050000000000000003,3,63,13
634,63,3,8,13,0,104,0.019230769230769232,3,63,21
635,63,3,13,21,0,273,0.007326007326007326,3,63,34
636,63,3,21,34,0,714,0.0028011204481792717,3,63,55
637,63,3,34,55,0,1870,0.0010695187165775401,3,63,89
638,63,3,55,89,0,4895,0.00040858018386108274,3,63,144
639,64,0,1,1,1,1,2,0,64,2
640,64,0,1,2,0,2,1,0,64,3
641,64,0,2,3,0,6,0.33333333333333331,0,64,5
642,64,0,3,5,0,15,0.13333333333333333,0,64,8
643,64,0,5,8,0,40,0.050000000000000003,0,64,13
644,64,0,8,13,0,104,0.019230769230769232,0,64,21
645,64,0,13,21,0,273,0.007326007326007326,0,64,34
646,64,0,21,34,0,714,0.0028011204481792717,0,64,55
647,64,0,34,55,0,1870,0.0010695187165775401,0,64,89
648,64,0,55,89,0,4895,0.00040858018386108274,0,64,144
649,65,1,1,1,1,1,2,1,65,2
650,65,1,1,2,0,2,1,1,65,3
651,65,1,2,3,0,6,0.33333333333333331,1,65,5
652,65,1,3,5,0,15,0.13333333333333333,1,65,8
653,65,1,5,8,0,40,0.050000000000000003,1,65,13
654,65,1,8,13,0,104,0.019230769230769232,1,65,21
655,65,1,13,21,0,273,0.007326007326007326,1,65,34
656,65,1,21,34,0,714,0.0028011204481792717,1,65,55
657,65,1,34,55,0,1870,0.0010695187165775401,1,65,89
658,65,1,55,89,0,4895,0.00040858018386108274,1,65,144
659,66,2,1,1,1,1,2,2,66,2
660,66,2,1,2,0,2,1,2,66,3
661,66,2,2,3,0,6,0.33333333333333331,2,66,5
662,66,2,3,5,0,15,0.13333333333333333,2,66,8
663,66,2,5,8,0,40,0.050000000000000003,2,66,13
664,66,2,8,13,0,104,0.019230769230769232,2,66,21
665,66,2,13,21,0,273,0.007326007326007326,2,66,34
666,66,2,21,34,0,714,0.0028011204481792717,2,66,55
667,66,2,34,55,0,1870,0.0010695187165775401,2,66,89
668,66,2,55,89,0,4895,0.00040858018386108274,2,66,144
669,67,3,1,1,1,1,2,3,67,2
670,67,3,1,2,0,2,1,3,67,3
671,67,3,2,3,0,6,0.33333333333333331,3,67,5
672,67,3,3,5,0,15,0.13333333333333333,3,67,8
673,67,3,5,8,0,40,0.050000000000000003,3,67,13
674,67,3,8,13,0,104,0.019230769230769232,3,67,21
675,67,3,13,21,0,273,0.007326007326007326,3,67,34
676,67,3,21,34,0,714,0.0028011204481792717,3,67,55
677,67,3,34,55,0,1870,0.0010695187165775401,3,67,89
678,67,3,55,89,0,4895,0.00040858018386108274,3,67,144
679,68,0,1,1,1,1,2,0,68,2
680,68,0,1,2,0,2,1,0,68,3
681,68,0,2,3,0,6,0.33333333333333331,0,68,5
682,68,0,3,5,0,15,0.13333333333333333,0,68,8
683,68,0,5,8,0,40,0.050000000000000003,0,68,13
684,68,0,8,13,0,104,0.019230769230769232,0,68,21
685,68,0,13,21,0,273,0.007326007326007326,0,68,34
686,68,0,21,34,0,714,0.0028011204481792717,0,68,55
687,68,0,34,55,0,1870,0.0010695187165775401,0,68,89
688,68,0,55,89,0,4895,0.00040858018386108274,0,68,144
689,69,1,1,1,1,1,2,1,69,2
690,69,1,1,2,0,2,1,1,69,3
691,69,1,2,3,0,6,0.33333333333333331,1,69,5
692,69,1,3,5,0,15,0.13333333333333333,1,69,8
693,69,1,5,8,0,40,0.050000000000000003,1,69,13
694,69,1,8,13,0,104,0.019230769230769232,1,69,21
695,69,1,13,21,0,273,0.007326007326007326,1,69,34
696,69,1,21,34,0,714,0.0028011204481792717,1,69,55
697,69,1,34,55,0,1870,0.0010695187165775401,1,69,89
698,69,1,55,89,0,4895,0.00040858018386108274,1,69,144
699,70,2,1,1,1,1,2,2,70,2
700,70,2,1,2,0,2,1,2,70,3
701,70,2,2,3,0,6,0.33333333333333331,2,70,5
702,70,2,3,5,0,15,0.13333333333333333,2,70,8
703,70,2,5,8,0,40,0.050000000000000003,2,70,13
704,70,2,8,13,0,104,0.019230769230769232,2,70,21
705,70,2,13,21,0,273,0.007326007326007326,2,70,34
706,70,2,21,34,0,714,0.0028011204481792717,2,70,55
707,70,2,34,55,0,1870,0.0010695187165775401,2,70,89
708,70,2,55,89,0,4895,0.00040858018386108274,2,70,144
709,71,3,1,1,1,1,2,3,71,2
710,71,3,1,2,0,2,1,3,71,3
711,71,3,2,3,0,6,0.33333333333333331,3,71,5
712,71,3,3,5,0,15,0.13333333333333333,3,71,8
713,71,3,5,8,0,40,0.050000000000000003,3,71,13
714,71,3,8,13,0,104,0.019230769230769232,3,71,21
715,71,3,13,21,0,273,0.007326007326007326,3,71,34
716,71,3,21,34,0,714,0.0028011204481792717,3,71,55
717,71,3,34,55,0,1870,0.0010695187165775401,3,71,89
718,71,3,55,89,0,4895,0.00040858018386108274,3,71,144
719,72,0,1,1,1,1,2,0,72,2
720,72,0,1,2,0,2,1,0,72,3
721,72,0,2,3,0,6,0.33333333333333331,0,72,5
722,72,0,3,5,0,15,0.13333333333333333,0,72,8
723,72,0,5,8,0,40,0.050000000000000003,0,72,13
724,72,0,8,13,0,104,0.019230769230769232,0,72,21
725,72,0,13,21,0,273,0.007326007326007326,0,72,34
726,72,0,21,34,0,714,0.0028011204481792717,0,72,55
727,72,0,34,55,0,1870,0.0010695187165775401,0,72,89
728,72,0,55,89,0,4895,0.00040858018386108274,0,72,144
729,73,1,1,1,1,1,2,1,73,2
730,73,1,1,2,0,2,1,1,73,3
731,73,1,2,3,0,6,0.33333333333333331,1,73,5
732,73,1,3,5,0,15,0.13333333333333333,1,73,8
733,73,1,5,8,0,40,0.050000000000000003,1,73,13
734,73,1,8,13,0,104,0.019230769230769232,1,73,21
735,73,1,13,21,0,273,0.007326007326007326,1,73,34
736,73,1,21,34,0,714,0.0028011204481792717,1,73,55
737,73,1,34,55,0,1870,0.0010695187165775401,1,73,89
738,73,1,55,89,0,4895,0.00040858018386108274,1,73,144
739,74,2,1,1,1,1,2,2,74,2
740,74,2,1,2,0,2,1,2,74,3
741,74,2,2,3,0,6,0.33333333333333331,2,74,5
742,74,2,3,5,0,15,0.13333333333333333,2,74,8
743,74,2,5,8,0,40,0.050000000000000003,2,74,13
744,74,2,8,13,0,104,0.019230769230769232,2,74,21
745,74,2,13,21,0,273,0.007326007326007326,2,74,34
746,74,2,21,34,0,714,0.0028011204481792717,2,74,55
747,74,2,34,55,0,1870,0.0010695187165775401,2,74,89
748,74,2,55,89,0,4895,0.00040858018386108274,2,74,144
749,75,3,1,1,1,1,2,3,75,2
750,75,3,1,2,0,2,1,3,75,3
751,75,3,2,3,0,6,0.33333333333333331,3,75,5
752,75,3,3,5,0,15,0.13333333333333333,3,75,8
753,75,3,5,8,0,40,0.050000000000000003,3,75,13
754,75,3,8,13,0,104,0.019230769230769232,3,75,21
755,75,3,13,21,0,273,0.007326007326007326,3,75,34
756,75,3,21,34,0,714,0.0028011204481792717,3,75,55
757,75,3,34,55,0,1870,0.0010695187165775401,3,75,89
758,75,3,55,89,0,4895,0.00040858018386108274,3,75,144
759,76,0,1,1,1,1,2,0,76,2
760,76,0,1,2,0,2,1,0,76,3
761,76,0,2,3,0,6,0.33333333333333331,0,76,5
762,76,0,3,5,0,15,0.13333333333333333,0,76,8
763,76,0,5,8,0,40,0.050000000000000003,0,76,13
764,76,0,8,13,0,104,0.019230769230769232,0,76,21
765,76,0,13,21,0,273,0.007326007326007326,0,76,34
766,76,0,21,34,0,714,0.0028011204481792717,0,76,55
767,76,0,34,55,0,1870,0.0010695187165775401,0,76,89
768,76,0,55,89,0,4895,0.00040858018386108274,0,76,144
769,77,1,1,1,1,1,2,1,77,2
770,77,1,1,2,0,2,1,1,77,3
771,77,1,2,3,0,6,0.33333333333333331,1,77,5
772,77,1,3,5,0,15,0.13333333333333333,1,77,8
773,77,1,5,8,0,40,0.050000000000000003,1,77,13
774,77,1,8,13,0,104,0.019230769230769232,1,77,21
775,77,1,13,21,0,273,0.007326007326007326,1,77,34
776,77,1,21,34,0,714,0.0028011204481792717,1,77,55
777,77,1,34,55,0,1870,0.0010695187165775401,1,77,89
778,77,1,55,89,0,4895,0.00040858018386108274,1,77,144
779,78,2,1,1,1,1,2,2,78,2
780,78,2,1,2,0,2,1,2,78,3
781,78,2,2,3,0,6,0.33333333333333331,2,78,5
782,78,2,3,5,0,15,0.13333333333333333,2,78,8
783,78,2,5,8,0,40,0.050000000000000003,2,78,13
784,78,2,8,13,0,104,0.019230769230769232,2,78,21
785,78,2,13,21,0,273,0.007326007326007326,2,78,34
786,78,2,21,34,0,714,0.0028011204481792717,2,78,55
787,78,2,34,55,0,1870,0.0010695187165775401,2,78,89
788,78,2,55,89,0,4895,0.00040858018386108274,2,78,144
789,79,3,1,1,1,1,2,3,79,2
790,79,3,1,2,0,2,1,3,79,3
791,79,3,2,3,0,6,0.33333333333333331,3,79,5
792,79,3,3,5,0,15,0.13333333333333333,3,79,8
793,79,3,5,8,0,40,0.050000000000000003,3,79,13
794,79,3,8,13,0,104,0.019230769230769232,3,79,21
795,79,3,13,21,0,273,0.007326007326007326,3,79,34
796,79,3,21,34,0,714,0.0028011204481792717,3,79,55
797,79,3,34,55,0,1870,0.0010695187165775401,3,79,89
798,79,3,55,89,0,4895,0.00040858018386108274,3,79,144
799,80,0,1,1,1,1,2,0,80,2
800,80,0,1,2,0,2,1,0,80,3
801,80,0,2,3,0,6,0.33333333333333331,0,80,5
802,80,0,3,5,0,15,0.13333333333333333,0,80,8
803,80,0,5,8,0,40,0.050000000000000003,0,80,13
804,80,0,8,13,0,104,0.019230769230769232,0,80,21
805,80,0,13,21,0,273,0.007326007326007326,0,80,34
806,80,0,21,34,0,714,0.0028011204481792717,0,80,55
807,80,0,34,55,0,1870,0.0010695187165775401,0,80,89
808,80,0,55,89,0,4895,0.00040858018386108274,0,80,144
809,81,1,1,1,1,1,2,1,81,2
810,81,1,1,2,0,2,1,1,81,3
811,81,1,2,3,0,6,0.33333333333333331,1,81,5
812,81,1,3,5,0,15,0.13333333333333333,1,81,8
813,81,1,5,8,0,40,0.050000000000000003,1,81,13
814,81,1,8,13,0,104,0.019230769230769232,1,81,21
815,81,1,13,21,0,273,0.007326007326007326,1,81,34
816,81,1,21,34,0,714,0.0028011204481792717,1,81,55
817,81,1,34,55,0,1870,0.0010695187165775401,1,81,89
818,81,1,55,89,0,4895,0.00040858018386108274,1,81,144
819,82,2,1,1,1,1,2,2,82,2
820,82,2,1,2,0,2,1,2,82,3
821,82,2,2,3,0,6,0.33333333333333331,2,82,5
822,82,2,3,5,0,15,0.13333333333333333,2,82,8
823,82,2,5,8,0,40,0.050000000000000003,2,82,13
824,82,2,8,13,0,104,0.019230769230769232,2,82,21
825,82,2,13,21,0,273,0.007326007326007326,2,82,34
826,82,2,21,34,0,714,0.0028011204481792717,2,82,55
827,82,2,34,55,0,1870,0.0010695187165775401,2,82,89
828,82,2,55,89,0,4895,0.00040858018386108274,2,82,144
829,83,3,1,1,1,1,2,3,83,2
830,83,3,1,2,0,2,1,3,83,3
831,83,3,2,3,0,6,0.33333333333333331,3,83,5
832,83,3,3,5,0,15,0.13333333333333333,3,83,8
833,83,3,5,8,0,40,0.050000000000000003,3,83,13
834,83,3,8,13,0,104,0.019230769230769232,3,83,21
835,83,3,13,21,0,273,0.007326007326007326,3,83,34
836,83,3,21,34,0,714,0.0028011204481792717,3,83,55
837,83,3,34,55,0,1870,0.0010695187165775401,3,83,89
838,83,3,55,89,0,4895,0.00040858018386108274,3,83,144
839,84,0,1,1,1,1,2,0,84,2
840,84,0,1,2,0,2,1,0,84,3
841,84,0,2,3,0,6,0.33333333333333331,0,84,5
842,84,0,3,5,0,15,0.13333333333333333,0,84,8
843,84,0,5,8,0,40,0.050000000000000003,0,84,13
844,84,0,8,13,0,104,0.019230769230769232,0,84,21
845,84,0,13,21,0,273,0.007326007326007326,0,84,34
846,84,0,21,34,0,714,0.0028011204481792717,0,84,55
847,84,0,34,55,0,1870,0.0010695187165775401,0,84,89
848,84,0,55,89,0,4895,0.00040858018386108274,0,84,144
849,85,1,1,1,1,1,2,1,85,2
850,85,1,1,2,0,2,1,1,85,3
851,85,1,2,3,0,6,0.33333333333333331,1,85,5
852,85,1,3,5,0,15,0.13333333333333333,1,85,8
853,85,1,5,8,0,40,0.050000000000000003,1,85,13
854,85,1,8,13,0,104,0.019230769230769232,1,85,21
855,85,1,13,21,0,273,0.007326007326007326,1,85,34
856,85,1,21,34,0,714,0.0028011204481792717,1,85,55
857,85,1,34,55,0,1870,0.0010695187165775401,1,85,89
858,85,1,55,89,0,4895,0.00040858018386108274,1,85,144
859,86,2,1,1,1,1,2,2,86,2
860,86,2,1,2,0,2,1,2,86,3
861,86,2,2,3,0,6,0.33333333333333331,2,86,5
862,86,2,3,5,0,15,0.13333333333333333,2,86,8
863,86,2,5,8,0,40,0.050000000000000003,2,86,13
864,86,2,8,13,0,104,0.019230769230769232,2,86,21
865,86,2,13,21,0,273,0.007326007326007326,2,86,34
866,86,2,21,34,0,714,0.0028011204481792717,2,86,55
867,86,2,34,55,0,1870,0.0010695187165775401,2,86,89
868,86,2,55,89,0,4895,0.00040858018386108274,2,86,144
869,87,3,1,1,1,1,2,3,87,2
870,87,3,1,2,0,2,1,3,87,3
871,87,3,2,3,0,6,0.33333333333333331,3,87,5
872,87,3,3,5,0,15,0.13333333333333333,3,87,8
873,87,3,5,8,0,40,0.050000000000000003,3,87,13
874,87,3,8,13,0,104,0.019230769230769232,3,87,21
875,87,3,13,21,0,273,0.007326007326007326,3,87,34
876,87,3,21,34,0,714,0.0028011204481792717,3,87,55
877,87,3,34,55,0,1870,0.0010695187165775401,3,87,89
878,87,3,55,89,0,4895,0.00040858018386108274,3,87,144
879,88,0,1,1,1,1,2,0,88,2
880,88,0,1,2,0,2,1,0,88,3
881,88,0,2,3,0,6,0.33333333333333331,0,88,5
882,88,0,3,5,0,15,0.13333333333333333,0,88,8
883,88,0,5,8,0,40,0.050000000000000003,0,88,13
884,88,0,8,13,0,104,0.019230769230769232,0,88,21
885,88,0,13,21,0,273,0.007326007326007326,0,88,34
886,88,0,21,34,0,714,0.0028011204481792717,0,88,55
887,88,0,34,55,0,1870,0.0010695187165775401,0,88,89
888,88,0,55,89,0,4895,0.00040858018386108274,0,88,144
889,89,1,1,1,1,1,2,1,89,2
890,89,1,1,2,0,2,1,1,89,3
891,89,1,2,3,0,6,0.33333333333333331,1,89,5
892,89,1,3,5,0,15,0.13333333333333333,1,89,8
893,89,1,5,8,0,40,0.050000000000000003,1,89,13
894,89,1,8,13,0,104,0.019230769230769232,1,89,21
895,89,1,13,21,0,273,0.007326007326007326,1,89,34
896,89,1,21,34,0,714,0.0028011204481792717,1,89,55
897,89,1,34,55,0,1870,0.0010695187165775401,1,89,89
898,89,1,55,89,0,4895,0.00040858018386108274,1,89,144
899,90,2,1,1,1,1,2,2,90,2
900,90,2,1,2,0,2,1,2,90,3
901,90,2,2,3,0,6,0.33333333333333331,2,90,5
902,90,2,3,5,0,15,0.13333333333333333,2,90,8
903,90,2,5,8,0,40,0.050000000000000003,2,90,13
904,90,2,8,13,0,104,0.019230769230769232,2,90,21
905,90,2,13,21,0,273,0.007326007326007326,2,90,34
906,90,2,21,34,0,714,0.0028011204481792717,2,90,55
907,90,2,34,55,0,1870,0.0010695187165775401,2,90,89
908,90,2,55,89,0,4895,0.00040858018386108274,2,90,144
909,91,3,1,1,1,1,2,3,91,2
910,91,3,1,2,0,2,1,3,91,3
911,91,3,2,3,0,6,0.33333333333333331,3,91,5
912,91,3,3,5,0,15,0.13333333333333333,3,91,8
913,91,3,5,8,0,40,0.050000000000000003,3,91,13
914,91,3,8,13,0,104,0.019230769230769232,3,91,21
915,91,3,13,21,0,273,0.007326007326007326,3,91,34
916,91,3,21,34,0,714,0.0028011204481792717,3,91,55
917,91,3,34,55,0,1870,0.0010695187165775401,3,91,89
918,91,3,55,89,0,4895,0.00040858018386108274,3,91,144
919,92,0,1,1,1,1,2,0,92,2
920,92,0,1,2,0,2,1,0,92,3
921,92,0,2,3,0,6,0.33333333333333331,0,92,5
922,92,0,3,5,0,15,0.13333333333333333,0,92,8
923,92,0,5,8,0,40,0.050000000000000003,0,92,13
924,92,0,8,13,0,104,0.019230769230769232,0,92,21
925,92,0,13,21,0,273,0.007326007326007326,0,92,34
926,92,0,21,34,0,714,0.0028011204481792717,0,92,55
927,92,0,34,55,0,1870,0.0010695187165775401,0,92,89
928,92,0,55,89,0,4895,0.00040858018386108274,0,92,144
929,93,1,1,1,1,1,2,1,93,2
930,93,1,1,2,0,2,1,1,93,3
931,93,1,2,3,0,6,0.33333333333333331,1,93,5
932,93,1,3,5,0,15,0.13333333333333333,1,93,8
933,93,1,5,8,0,40,0.050000000000000003,1,93,13
934,93,1,8,13,0,104,0.019230769230769232,1,93,21
935,93,1,13,21,0,273,0.007326007326007326,1,93,34
936,93,1,21,34,0,714,0.0028011204481792717,1,93,55
937,93,1,34,55,0,1870,0.0010695187165775401,1,93,89
938,93,1,55,89,0,4895,0.00040858018386108274,1,93,144
939,94,2,1,1,1,1,2,2,94,2
940,94,2,1,2,0,2,1,2,94,3
941,94,2,2,3,0,6,0.33333333333333331,2,94,5
942,94,2,3,5,0,15,0.13333333333333333,2,94,8
943,94,2,5,8,0,40,0.050000000000000003,2,94,13
944,94,2,8,13,0,104,0.019230769230769232,2,94,21
945,94,2,13,21,0,273,0.007326007326007326,2,94,34
946,94,2,21,34,0,714,0.0028011204481792717,2,94,55
947,94,2,34,55,0,1870,0.0010695187165775401,2,94,89
948,94,2,55,89,0,4895,0.00040858018386108274,2,94,144
949,95,3,1,1,1,1,2,3,95,2
950,95,3,1,2,0,2,1,3,95,3
951,95,3,2,3,0,6,0.33333333333333331,3,95,5
952,95,3,3,5,0,15,0.13333333333333333,3,95,8
953,95,3,5,8,0,40,0.050000000000000003,3,95,13
954,95,3,8,13,0,104,0.019230769230769232,3,95,21
955,95,3,13,21,0,273,0.007326007326007326,3,95,34
956,95,3,21,34,0,714,0.0028011204481792717,3,95,55
957,95,3,34,55,0,1870,0.0010695187165775401,3,95,89
958,95,3,55,89,0,4895,0.00040858018386108274,3,95,144
959,96,0,1,1,1,1,2,0,96,2
960,96,0,1,2,0,2,1,0,96,3
961,96,0,2,3,0,6,0.33333333333333331,0,96,5
962,96,0,3,5,0,15,0.13333333333333333,0,96,8
963,96,0,5,8,0,40,0.050000000000000003,0,96,13
964,96,0,8,13,0,104,0.019230769230769232,0,96,21
965,96,0,13,21,0,273,0.007326007326007326,0,96,34
966,96,0,21,34,0,714,0.0028011204481792717,0,96,55
967,96,0,34,55,0,1870,0.0010695187165775401,0,96,89
968,96,0,55,89,0,4895,0.00040858018386108274,0,96,144
969,97,1,1,1,1,1,2,1,97,2
970,97,1,1,2,0,2,1,1,97,3
971,97,1,2,3,0,6,0.33333333333333331,1,97,5
972,97,1,3,5,0,15,0.13333333333333333,1,97,8
973,97,1,5,8,0,40,0.050000000000000003,1,97,13
974,97,1,8,13,0,104,0.019230769230769232,1,97,21
975,97,1,13,21,0,273,0.007326007326007326,1,97,34
976,97,1,21,34,0,714,0.0028011204481792717,1,97,55
977,97,1,34,55,0,1870,0.0010695187165775401,1,97,89
978,97,1,55,89,0,4895,0.00040858018386108274,1,97,144
979,98,2,1,1,1,1,2,2,98,2
980,98,2,1,2,0,2,1,2,98,3
981,98,2,2,3,0,6,0.33333333333333331,2,98,5
982,98,2,3,5,0,15,0.13333333333333333,2,98,8
983,98,2,5,8,0,40,0.050000000000000003,2,98,13
984,98,2,8,13,0,104,0.019230769230769232,2,98,21
985,98,2,13,21,0,273,0.007326007326007326,2,98,34
986,98,2,21,34,0,714,0.0028011204481792717,2,98,55
987,98,2,34,55,0,1870,0.0010695187165775401,2,98,89
988,98,2,55,89,0,4895,0.00040858018386108274,2,98,144
989,99,3,1,1,1,1,2,3,99,2
990,99,3,1,2,0,2,1,3,99,3
991,99,3,2,3,0,6,0.33333333333333331,3,99,5
992,99,3,3,5,0,15,0.13333333333333333,3,99,8
993,99,3,5,8,0,40,0.050000000000000003,3,99,13
994,99,3,8,13,0,104,0.019230769230769232,3,99,21
995,99,3,13,21,0,273,0.007326007326007326,3,99,34
996,99,3,21,34,0,714,0.0028011204481792717,3,99,55
997,99,3,34,55,0,1870,0.0010695187165775401,3,99,89
998,99,3,55,89,0,4895,0.00040858018386108274,3,99,144
999,100,0,1,1,1,1,2,0,100,2
1000,100,0,1,2,0,2,1,0,100,3
1001,100,0,2,3,0,6,0.33333333333333331,0,100,5
1002,100,0,3,5,0,15,0.13333333333333333,0,100,8
1003,100,0,5,8,0,40,0.050000000000000003,0,100,13
1004,100,0,8,13,0,104,0.019230769230769232,0,100,21
1005,100,0,13,21,0,273,0.007326007326007326,0,100,34
1006,100,0,21,34,0,714,0.0028011204481792717,0,100,55
1007,100,0,34,55,0,1870,0.0010695187165775401,0,100,89
1008,100,0,55,89,0,4895,0.00040858018386108274,0,100,144
1009,101,1,1,1,1,1,2,1,101,2
1010,101,1,1,2,0,2,1,1,101,3
1011,101,1,2,3,0,6,0.33333333333333331,1,101,5
1012,101,1,3,5,0,15,0.13333333333333333,1,101,8
1013,101,1,5,8,0,40,0.050000000000000003,1,101,13
1014,101,1,8,13,0,104,0.019230769230769232,1,101,21
1015,101,1,13,21,0,273,0.007326007326007326,1,101,34
1016,101,1,21,34,0,714,0.0028011204481792717,1,101,55
1017,101,1,34,55,0,1870,0.0010695187165775401,1,101,89
1018,101,1,55,89,0,4895,0.00040858018386108274,1,101,144
1019,102,2,1,1,1,1,2,2,102,2
1020,102,2,1,2,0,2,1,2,102,3
1021,102,2,2,3,0,6,0.33333333333333331,2,102,5
1022,102,2,3,5,0,15,0.13333333333333333,2,102,8
1023,102,2,5,8,0,40,0.050000000000000003,2,102,13
1024,102,2,8,13,0,104,0.019230769230769232,2,102,21
1025,102,2,13,21,0,273,0.007326007326007326,2,102,34
1026,102,2,21,34,0,714,0.0028011204481792717,2,102,55
1027,102,2,34,55,0,1870,0.0010695187165775401,2,102,89
1028,102,2,55,89,0,4895,0.00040858018386108274,2,102,144
1029,103,3,1,1,1,1,2,3,103,2
1030,103,3,1,2,0,2,1,3,103,3
1031,103,3,2,3,0,6,0.33333333333333331,3,103,5
1032,103,3,3,5,0,15,0.13333333333333333,3,103,8
1033,103,3,5,8,0,40,0.050000000000000003,3,103,13
1034,103,3,8,13,0,104,0.019230769230769232,3,103,21
1035,103,3,13,21,0,273,0.007326007326007326,3,103,34
1036,103,3,21,34,0,714,0.0028011204481792717,3,103,55
1037,103,3,34,55,0,1870,0.0010695187165775401,3,103,89
1038,103,3,55,89,0,4895,0.00040858018386108274,3,103,144
1039,104,0,1,1,1,1,2,0,104,2
1040,104,0,1,2,0,2,1,0,104,3
1041,104,0,2,3,0,6,0.33333333333333331,0,104,5
1042,104,0,3,5,0,15,0.13333333333333333,0,104,8
1043,104,0,5,8,0,40,0.050000000000000003,0,104,13
1044,104,0,8,13,0,104,0.019230769230769232,0,104,21
1045,104,0,13,21,0,273,0.007326007326007326,0,104,34
1046,104,0,21,34,0,714,0.0028011204481792717,0,104,55
1047,104,0,34,55,0,1870,0.0010695187165775401,0,104,89
1048,104,0,55,89,0,4895,0.00040858018386108274,0,104,144
1049,105,1,1,1,1,1,2,1,105,2
1050,105,1,1,2,0,2,1,1,105,3
1051,105,1,2,3,0,6,0.33333333333333331,1,105,5
1052,105,1,3,5,0,15,0.13333333333333333,1,105,8
1053,105,1,5,8,0,40,0.050000000000000003,1,105,13
1054,105,1,8,13,0,104,0.019230769230769232,1,105,21
1055,105,1,13,21,0,273,0.007326007326007326,1,105,34
1056,105,1,21,34,0,714,0.0028011204481792717,1,105,55
1057,105,1,34,55,0,1870,0.0010695187165775401,1,105,89
1058,105,1,55,89,0,4895,0.00040858018386108274,1,105,144
1059,106,2,1,1,1,1,2,2,106,2
1060,106,2,1,2,0,2,1,2,106,3
1061,106,2,2,3,0,6,0.33333333333333331,2,106,5
1062,106,2,3,5,0,15,0.13333333333333333,2,106,8
1063,106,2,5,8,0,40,0.050000000000000003,2,106,13
1064,106,2,8,13,0,104,0.019230769230769232,2,106,21
1065,106,2,13,21,0,273,0.007326007326007326,2,106,34
1066,106,2,21,34,0,714,0.0028011204481792717,2,106,55
1067,106,2,34,55,0,1870,0.0010695187165775401,2,106,89
1068,106,2,55,89,0,4895,0.00040858018386108274,2,106,144
1069,107,3,1,1,1,1,2,3,107,2
1070,107,3,1,2,0,2,1,3,107,3
1071,107,3,2,3,0,6,0.33333333333333331,3,107,5
1072,107,3,3,5,0,15,0.13333333333333333,3,107,8
1073,107,3,5,8,0,40,0.050000000000000003,3,107,13
1074,107,3,8,13,0,104,0.019230769230769232,3,107,21
1075,107,3,13,21,0,273,0.007326007326007326,3,107,34
1076,107,3,21,34,0,714,0.0028011204481792717,3,107,55
1077,107,3,34,55,0,1870,0.0010695187165775401,3,107,89
1078,107,3,55,89,0,4895,0.00040858018386108274,3,107,144
1079,108,0,1,1,1,1,2,0,108,2
1080,108,0,1,2,0,2,1,0,108,3
1081,108,0,2,3,0,6,0.33333333333333331,0,108,5
1082,108,0,3,5,0,15,0.13333333333333333,0,108,8
1083,108,0,5,8,0,40,0.050000000000000003,0,108,13
1084,108,0,8,13,0,104,0.019230769230769232,0,108,21
1085,108,0,13,21,0,273,0.007326007326007326,0,108,34
1086,108,0,21,34,0,714,0.0028011204481792717,0,108,55
1087,108,0,34,55,0,1870,0.0010695187165775401,0,108,89
1088,108,0,55,89,0,4895,0.00040858018386108274,0,108,144
1089,109,1,1,1,1,1,2,1,109,2
1090,109,1,1,2,0,2,1,1,109,3
1091,109,1,2,3,0,6,0.33333333333333331,1,109,5
1092,109,1,3,5,0,15,0.13333333333333333,1,109,8
1093,109,1,5,8,0,40,0.050000000000000003,1,109,13
1094,109,1,8,13,0,104,0.019230769230769232,1,109,21
1095,109,1,13,21,0,273,0.007326007326007326,1,109,34
1096,109,1,21,34,0,714,0.0028011204481792717,1,109,55
1097,109,1,34,55,0,1870,0.0010695187165775401,1,109,89
1098,109,1,55,89,0,4895,0.00040858018386108274,1,109,144
1099,110,2,1,1,1,1,2,2,110,2
1100,110,2,1,2,0,2,1,2,110,3
1101,110,2,2,3,0,6,0.33333333333333331,2,110,5
1102,110,2,3,5,0,15,0.13333333333333333,2,110,8
1103,110,2,5,8,0,40,0.050000000000000003,2,110,13
1104,110,2,8,13,0,104,0.019230769230769232,2,110,21
1105,110,2,13,21,0,273,0.007326007326007326,2,110,34
1106,110,2,21,34,0,714,0.0028011204481792717,2,110,55
1107,110,2,34,55,0,1870,0.0010695187165775401,2,110,89
1108,110,2,55,89,0,4895,0.00040858018386108274,2,110,144
1109,111,3,1,1,1,1,2,3,111,2
1110,111,3,1,2,0,2,1,3,111,3
1111,111,3,2,3,0,6,0.33333333333333331,3,111,5
1112,111,3,3,5,0,15,0.13333333333333333,3,111,8
1113,111,3,5,8,0,40,0.050000000000000003,3,111,13
1114,111,3,8,13,0,104,0.019230769230769232,3,111,21
1115,111,3,13,21,0,273,0.007326007326007326,3,111,34
1116,111,3,21,34,0,714,0.0028011204481792717,3,111,55
1117,111,3,34,55,0,1870,0.0010695187165775401,3,111,89
1118,111,3,55,89,0,4895,0.00040858018386108274,3,111,144
1119,112,0,1,1,1,1,2,0,112,2
1120,112,0,1,2,0,2,1,0,112,3
1121,112,0,2,3,0,6,0.33333333333333331,0,112,5
1122,112,0,3,5,0,15,0.13333333333333333,0,112,8
1123,112,0,5,8,0,40,0.050000000000000003,0,112,13
1124,112,0,8,13,0,104,0.019230769230769232,0,112,21
1125,112,0,13,21,0,273,0.007326007326007326,0,112,34
1126,112,0,21,34,0,714,0.0028011204481792717,0,112,55
1127,112,0,34,55,0,1870,0.0010695187165775401,0,112,89
1128,112,0,55,89,0,4895,0.00040858018386108274,0,112,144
1129,113,1,1,1,1,1,2,1,113,2
1130,113,1,1,2,0,2,1,1,113,3
1131,113,1,2,3,0,6,0.33333333333333331,1,113,5
1132,113,1,3,5,0,15,0.13333333333333333,1,113,8
1133,113,1,5,8,0,40,0.050000000000000003,1,113,13
1134,113,1,8,13,0,104,0.019230769230769232,1,113,21
1135,113,1,13,21,0,273,0.007326007326007326,1,113,34
1136,113,1,21,34,0,714,0.0028011204481792717,1,113,55
1137,113,1,34,55,0,1870,0.0010695187165775401,1,113,89
1138,113,1,55,89,0,4895,0.00040858018386108274,1,113,144
1139,114,2,1,1,1,1,2,2,114,2
1140,114,2,1,2,0,2,1,2,114,3
1141,114,2,2,3,0,6,0.33333333333333331,2,114,5
1142,114,2,3,5,0,15,0.13333333333333333,2,114,8
1143,114,2,5,8,0,40,0.050000000000000003,2,114,13
1144,114,2,8,13,0,104,0.019230769230769232,2,114,21
1145,114,2,13,21,0,273,0.007326007326007326,2,114,34
1146,114,2,21,34,0,714,0.0028011204481792717,2,114,55
1147,114,2,34,55,0,1870,0.0010695187165775401,2,114,89
1148,114,2,55,89,0,4895,0.00040858018386108274,2,114,144
1149,115,3,1,1,1,1,2,3,115,2
1150,115,3,1,2,0,2,1,3,115,3
1151,115,3,2,3,0,6,0.33333333333333331,3,115,5
1152,115,3,3,5,0,15,0.13333333333333333,3,115,8
1153,115,3,5,8,0,40,0.050000000000000003,3,115,13
1154,115,3,8,13,0,104,0.019230769230769232,3,115,21
1155,115,3,13,21,0,273,0.007326007326007326,3,115,34
1156,115,3,21,34,0,714,0.0028011204481792717,3,115,55
1157,115,3,34,55,0,1870,0.0010695187165775401,3,115,89
1158,115,3,55,89,0,4895,0.00040858018386108274,3,115,144
1159,116,0,1,1,1,1,2,0,116,2
1160,116,0,1,2,0,2,1,0,116,3
1161,116,0,2,3,0,6,0.33333333333333331,0,116,5
1162,116,0,3,5,0,15,0.13333333333333333,0,116,8
1163,116,0,5,8,0,40,0.050000000000000003,0,116,13
1164,116,0,8,13,0,104,0.019230769230769232,0,116,21
1165,116,0,13,21,0,273,0.007326007326007326,0,116,34
1166,116,0,21,34,0,714,0.0028011204481792717,0,116,55
1167,116,0,34,55,0,1870,0.0010695187165775401,0,116,89
1168,116,0,55,89,0,4895,0.00040858018386108274,0,116,144
1169,117,1,1,1,1,1,2,1,117,2
1170,117,1,1,2,0,2,1,1,117,3
1171,117,1,2,3,0,6,0.33333333333333331,1,117,5
1172,117,1,3,5,0,15,0.13333333333333333,1,117,8
1173,117,1,5,8,0,40,0.050000000000000003,1,117,13
1174,117,1,8,13,0,104,0.019230769230769232,1,117,21
1175,117,1,13,21,0,273,0.007326007326007326,1,117,34
1176,117,1,21,34,0,714,0.0028011204481792717,1,117,55
1177,117,1,34,55,0,1870,0.0010695187165775401,1,117,89
1178,117,1,55,89,0,4895,0.00040858018386108274,1,117,144
1179,118,2,1,1,1,1,2,2,118,2
1180,118,2,1,2,0,2,1,2,118,3
1181,118,2,2,3,0,6,0.33333333333333331,2,118,5
1182,118,2,3,5,0,15,0.13333333333333333,2,118,8
1183,118,2,5,8,0,40,0.050000000000000003,2,118,13
1184,118,2,8,13,0,104,0.019230769230769232,2,118,21
1185,118,2,13,21,0,273,0.007326007326007326,2,118,34
1186,118,2,21,34,0,714,0.0028011204481792717,2,118,55
1187,118,2,34,55,0,1870,0.0010695187165775401,2,118,89
1188,118,2,55,89,0,4895,0.00040858018386108274,2,118,144
1189,119,3,1,1,1,1,2,3,119,2
1190,119,3,1,2,0,2,1,3,119,3
1191,119,3,2,3,0,6,0.33333333333333331,3,119,5
1192,119,3,3,5,0,15,0.13333333333333333,3,119,8
1193,119,3,5,8,0,40,0.050000000000000003,3,119,13
1194,119,3,8,13,0,104,0.019230769230769232,3,119,21
1195,119,3,13,21,0,273,0.007326007326007326,3,119,34
1196,119,3,21,34,0,714,0.0028011204481792717,3,119,55
1197,119,3,34,55,0,1870,0.0010695187165775401,3,119,89
1198,119,3,55,89,0,4895,0.00040858018386108274,3,119,144
1199,120,0,1,1,1,1,2,0,120,2
1200,120,0,1,2,0,2,1,0,120,3
1201,120,0,2,3,0,6,0.33333333333333331,0,120,5
1202,120,0,3,5,0,15,0.13333333333333333,0,120,8
1203,120,0,5,8,0,40,0.050000000000000003,0,120,13
1204,120,0,8,13,0,104,0.019230769230769232,0,120,21
1205,120,0,13,21,0,273,0.007326007326007326,0,120,34
1206,120,0,21,34,0,714,0.0028011204481792717,0,120,55
1207,120,0,34,55,0,1870,0.0010695187165775401,0,120,89
1208,120,0,55,89,0,4895,0.00040858018386108274,0,120,144
1209,121,1,1,1,1,1,2,1,121,2
1210,121,1,1,2,0,2,1,1,121,3
1211,121,1,2,3,0,6,0.33333333333333331,1,121,5
1212,121,1,3,5,0,15,0.13333333333333333,1,121,8
1213,121,1,5,8,0,40,0.050000000000000003,1,121,13
1214,121,1,8,13,0,104,0.019230769230769232,1,121,21
1215,121,1,13,21,0,273,0.007326007326007326,1,121,34
1216,121,1,21,34,0,714,0.0028011204481792717,1,121,55
1217,121,1,34,55,0,1870,0.0010695187165775401,1,121,89
1218,121,1,55,89,0,4895,0.00040858018386108274,1,121,144
1219,122,2,1,1,1,1,2,2,122,2
1220,122,2,1,2,0,2,1,2,122,3
1221,122,2,2,3,0,6,0.33333333333333331,2,122,5
1222,122,2,3,5,0,15,0.13333333333333333,2,122,8
1223,122,2,5,8,0,40,0.050000000000000003,2,122,13
1224,122,2,8,13,0,104,0.019230769230769232,2,122,21
1225,122,2,13,21,0,273,0.007326007326007326,2,122,34
1226,122,2,21,34,0,714,0.0028011204481792717,2,122,55
1227,122,2,34,55,0,1870,0.0010695187165775401,2,122,89
1228,122,2,55,89,0,4895,0.00040858018386108274,2,122,144
1229,123,3,1,1,1,1,2,3,123,2
1230,123,3,1,2,0,2,1,3,123,3
1231,123,3,2,3,0,6,0.33333333333333331,3,123,5
1232,123,3,3,5,0,15,0.13333333333333333,3,123,8
1233,123,3,5,8,0,40,0.050000000000000003,3,123,13
1234,123,3,8,13,0,104,0.019230769230769232,3,123,21
1235,123,3,13,21,0,273,0.007326007326007326,3,123,34
1236,123,3,21,34,0,714,0.0028011204481792717,3,123,55
1237,123,3,34,55,0,1870,0.0010695187165775401,3,123,89
1238,123,3,55,89,0,4895,0.00040858018386108274,3,123,144
1239,124,0,1,1,1,1,2,0,124,2
1240,124,0,1,2,0,2,1,0,124,3
1241,124,0,2,3,0,6,0.33333333333333331,0,124,5
1242,124,0,3,5,0,15,0.13333333333333333,0,124,8
1243,124,0,5,8,0,40,0.050000000000000003,0,124,13
1244,124,0,8,13,0,104,0.019230769230769232,0,124,21
1245,124,0,13,21,0,273,0.007326007326007326,0,124,34
1246,124,0,21,34,0,714,0.0028011204481792717,0,124,55
1247,124,0,34,55,0,1870,0.0010695187165775401,0,124,89
1248,124,0,55,89,0,4895,0.00040858018386108274,0,124,144
1249,125,1,1,1,1,1,2,1,125,2
1250,125,1,1,2,0,2,1,1,125,3
1251,125,1,2,3,0,6,0.33333333333333331,1,125,5
1252,125,1,3,5,0,15,0.13333333333333333,1,125,8
1253,125,1,5,8,0,40,0.050000000000000003,1,125,13
1254,125,1,8,13,0,104,0.019230769230769232,1,125,21
1255,125,1,13,21,0,273,0.007326007326007326,1,125,34
1256,125,1,21,34,0,714,0.0028011204481792717,1,125,55
1257,125,1,34,55,0,1870,0.0010695187165775401,1,125,89
1258,125,1,55,89,0,4895,0.00040858018386108274,1,125,144
1259,126,2,1,1,1,1,2,2,126,2
1260,126,2,1,2,0,2,1,2,126,3
1261,126,2,2,3,0,6,0.33333333333333331,2,126,5
1262,126,2,3,5,0,15,0.13333333333333333,2,126,8
1263,126,2,5,8,0,40,0.050000000000000003,2,126,13
1264,126,2,8,13,0,104,0.019230769230769232,2,126,21
1265,126,2,13,21,0,273,0.007326007326007326,2,126,34
1266,126,2,21,34,0,714,0.0028011204481792717,2,126,55
1267,126,2,34,55,0,1870,0.0010695187165775401,2,126,89
1268,126,2,55,89,0,4895,0.00040858018386108274,2,126,144
1269,127,3,1,1,1,1,2,3,127,2
1270,127,3,1,2,0,2,1,3,127,3
1271,127,3,2,3,0,6,0.33333333333333331,3,127,5
1272,127,3,3,5,0,15,0.13333333333333333,3,127,8
1273,127,3,5,8,0,40,0.050000000000000003,3,127,13
1274,127,3,8,13,0,104,0.019230769230769232,3,127,21
1275,127,3,13,21,0,273,0.007326007326007326,3,127,34
1276,127,3,21,34,0,714,0.0028011204481792717,3,127,55
1277,127,3,34,55,0,1870,0.0010695187165775401,3,127,89
1278,127,3,55,89,0,4895,0.00040858018386108274,3,127,144
1279,128,0,1,1,1,1,2,0,128,2
1280,128,0,1,2,0,2,1,0,128,3
1281,128,0,2,3,0,6,0.33333333333333331,0,128,5
1282,128,0,3,5,0,15,0.13333333333333333,0,128,8
1283,128,0,5,8,0,40,0.050000000000000003,0,128,13
1284,128,0,8,13,0,104,0.019230769230769232,0,128,21
1285,128,0,13,21,0,273,0.007326007326007326,0,128,34
1286,128,0,21,34,0,714,0.0028011204481792717,0,128,55
1287,128,0,34,55,0,1870,0.0010695187165775401,0,128,89
1288,128,0,55,89,0,4895,0.00040858018386108274,0,128,144
1289,129,1,1,1,1,1,2,1,129,2
1290,129,1,1,2,0,2,1,1,129,3
1291,129,1,2,3,0,6,0.33333333333333331,1,129,5
1292,129,1,3,5,0,15,0.13333333333333333,1,129,8
1293,129,1,5,8,0,40,0.050000000000000003,1,129,13
1294,129,1,8,13,0,104,0.019230769230769232,1,129,21
1295,129,1,13,21,0,273,0.007326007326007326,1,129,34
1296,129,1,21,34,0,714,0.0028011204481792717,1,129,55
1297,129,1,34,55,0,1870,0.0010695187165775401,1,129,89
1298,129,1,55,89,0,4895,0.00040858018386108274,1,129,144
1299,130,2,1,1,1,1,2,2,130,2
1300,130,2,1,2,0,2,1,2,130,3
1301,130,2,2,3,0,6,0.33333333333333331,2,130,5
1302,130,2,3,5,0,15,0.13333333333333333,2,130,8
1303,130,2,5,8,0,40,0.050000000000000003,2,130,13
1304,130,2,8,13,0,104,0.019230769230769232,2,130,21
1305,130,2,13,21,0,273,0.007326007326007326,2,130,34
1306,130,2,21,34,0,714,0.0028011204481792717,2,130,55
1307,130,2,34,55,0,1870,0.0010695187165775401,2,130,89
1308,130,2,55,89,0,4895,0.00040858018386108274,2,130,144
1309,131,3,1,1,1,1,2,3,131,2
1310,131,3,1,2,0,2,1,3,131,3
1311,131,3,2,3,0,6,0.33333333333333331,3,131,5
1312,131,3,3,5,0,15,0.13333333333333333,3,131,8
1313,131,3,5,8,0,40,0.050000000000000003,3,131,13
1314,131,3,8,13,0,104,0.019230769230769232,3,131,21
1315,131,3,13,21,0,273,0.007326007326007326,3,131,34
1316,131,3,21,34,0,714,0.0028011204481792717,3,131,55
1317,131,3,34,55,0,1870,0.0010695187165775401,3,131,89
1318,131,3,55,89,0,4895,0.00040858018386108274,3,131,144
1319,132,0,1,1,1,1,2,0,132,2
1320,132,0,1,2,0,2,1,0,132,3
1321,132,0,2,3,0,6,0.33333333333333331,0,132,5
1322,132,0,3,5,0,15,0.13333333333333333,0,132,8
1323,132,0,5,8,0,40,0.050000000000000003,0,132,13
1324,132,0,8,13,0,104,0.019230769230769232,0,132,21
1325,132,0,13,21,0,273,0.007326007326007326,0,132,34
1326,132,0,21,34,0,714,0.0028011204481792717,0,132,55
1327,132,0,34,55,0,1870,0.0010695187165775401,0,132,89
1328,132,0,55,89,0,4895,0.00040858018386108274,0,132,144
1329,133,1,1,1,1,1,2,1,133,2
1330,133,1,1,2,0,2,1,1,133,3
1331,133,1,2,3,0,6,0.33333333333333331,1,133,5
1332,133,1,3,5,0,15,0.13333333333333333,1,133,8
1333,133,1,5,8,0,40,0.050000000000000003,1,133,13
1334,133,1,8,13,0,104,0.019230769230769232,1,133,21
1335,133,1,13,21,0,273,0.007326007326007326,1,133,34
1336,133,1,21,34,0,714,0.0028011204481792717,1,133,55
1337,133,1,34,55,0,1870,0.0010695187165775401,1,133,89
1338,133,1,55,89,0,4895,0.00040858018386108274,1,133,144
1339,134,2,1,1,1,1,2,2,134,2
1340,134,2,1,2,0,2,1,2,134,3
1341,134,2,2,3,0,6,0.33333333333333331,2,134,5
1342,134,2,3,5,0,15,0.13333333333333333,2,134,8
1343,134,2,5,8,0,40,0.050000000000000003,2,134,13
1344,134,2,8,13,0,104,0.019230769230769232,2,134,21
1345,134,2,13,21,0,273,0.007326007326007326,2,134,34
1346,134,2,21,34,0,714,0.0028011204481792717,2,134,55
1347,134,2,34,55,0,1870,0.0010695187165775401,2,134,89
1348,134,2,55,89,0,4895,0.00040858018386108274,2,134,144
1349,135,3,1,1,1,1,2,3,135,2
1350,135,3,1,2,0,2,1,3,135,3
1351,135,3,2,3,0,6,0.33333333333333331,3,135,5
1352,135,3,3,5,0,15,0.13333333333333333,3,135,8
1353,135,3,5,8,0,40,0.050000000000000003,3,135,13
1354,135,3,8,13,0,104,0.019230769230769232,3,135,21
1355,135,3,13,21,0,273,0.007326007326007326,3,135,34
1356,135,3,21,34,0,714,0.0028011204481792717,3,135,55
1357,135,3,34,55,0,1870,0.0010695187165775401,3,135,89
1358,135,3,55,89,0,4895,0.00040858018386108274,3,135,144
1359,136,0,1,1,1,1,2,0,136,2
1360,136,0,1,2,0,2,1,0,136,3
1361,136,0,2,3,0,6,0.33333333333333331,0,136,5
1362,136,0,3,5,0,15,0.13333333333333333,0,136,8
1363,136,0,5,8,0,40,0.050000000000000003,0,136,13
1364,136,0,8,13,0,104,0.019230769230769232,0,136,21
1365,136,0,13,21,0,273,0.007326007326007326,0,136,34
1366,136,0,21,34,0,714,0.0028011204481792717,0,136,55
1367,136,0,34,55,0,1870,0.0010695187165775401,0,136,89
1368,136,0,55,89,0,4895,0.00040858018386108274,0,136,144
1369,137,1,1,1,1,1,2,1,137,2
1370,137,1,1,2,0,2,1,1,137,3
1371,137,1,2,3,0,6,0.33333333333333331,1,137,5
1372,137,1,3,5,0,15,0.13333333333333333,1,137,8
1373,137,1,5,8,0,40,0.050000000000000003,1,137,13
1374,137,1,8,13,0,104,0.019230769230769232,1,137,21
1375,137,1,13,21,0,273,0.007326007326007326,1,137,34
1376,137,1,21,34,0,714,0.0028011204481792717,1,137,55
1377,137,1,34,55,0,1870,0.0010695187165775401,1,137,89
1378,137,1,55,89,0,4895,0.00040858018386108274,1,137,144
1379,138,2,1,1,1,1,2,2,138,2
1380,138,2,1,2,0,2,1,2,138,3
1381,138,2,2,3,0,6,0.33333333333333331,2,138,5
1382,138,2,3,5,0,15,0.13333333333333333,2,138,8
1383,138,2,5,8,0,40,0.050000000000000003,2,138,13
1384,138,2,8,13,0,104,0.019230769230769232,2,138,21
1385,138,2,13,21,0,273,0.007326007326007326,2,138,34
1386,138,2,21,34,0,714,0.0028011204481792717,2,138,55
1387,138,2,34,55,0,1870,0.0010695187165775401,2,138,89
1388,138,2,55,89,0,4895,0.00040858018386108274,2,138,144
1389,139,3,1,1,1,1,2,3,139,2
1390,139,3,1,2,0,2,1,3,139,3
1391,139,3,2,3,0,6,0.33333333333333331,3,139,5
1392,139,3,3,5,0,15,0.13333333333333333,3,139,8
1393,139,3,5,8,0,40,0.050000000000000003,3,139,13
1394,139,3,8,13,0,104,0.019230769230769232,3,139,21
1395,139,3,13,21,0,273,0.007326007326007326,3,139,34
1396,139,3,21,34,0,714,0.0028011204481792717,3,139,55
1397,139,3,34,55,0,1870,0.0010695187165775401,3,139,89
1398,139,3,55,89,0,4895,0.00040858018386108274,3,139,144
1399,140,0,1,1,1,1,2,0,140,2
1400,140,0,1,2,0,2,1,0,140,3
1401,140,0,2,3,0,6,0.33333333333333331,0,140,5
1402,140,0,3,5,0,15,0.13333333333333333,0,140,8
1403,140,0,5,8,0,40,0.050000000000000003,0,140,13
1404,140,0,8,13,0,104,0.019230769230769232,0,140,21
1405,140,0,13,21,0,273,0.007326007326007326,0,140,34
1406,140,0,21,34,0,714,0.0028011204481792717,0,140,55
1407,140,0,34,55,0,1870,0.0010695187165775401,0,140,89
1408,140,0,55,89,0,4895,0.00040858018386108274,0,140,144
1409,141,1,1,1,1,1,2,1,141,2
1410,141,1,1,2,0,2,1,1,141,3
1411,141,1,2,3,0,6,0.33333333333333331,1,141,5
1412,141,1,3,5,0,15,0.13333333333333333,1,141,8
1413,141,1,5,8,0,40,0.050000000000000003,1,141,13
1414,141,1,8,13,0,104,0.019230769230769232,1,141,21
1415,141,1,13,21,0,273,0.007326007326007326,1,141,34
1416,141,1,21,34,0,714,0.0028011204481792717,1,141,55
1417,141,1,34,55,0,1870,0.0010695187165775401,1,141,89
1418,141,1,55,89,0,4895,0.00040858018386108274,1,141,144
1419,142,2,1,1,1,1,2,2,142,2
1420,142,2,1,2,0,2,1,2,142,3
1421,142,2,2,3,0,6,0.33333333333333331,2,142,5
1422,142,2,3,5,0,15,0.13333333333333333,2,142,8
1423,142,2,5,8,0,40,0.050000000000000003,2,142,13
1424,142,2,8,13,0,104,0.019230769230769232,2,142,21
1425,142,2,13,21,0,273,0.007326007326007326,2,142,34
1426,142,2,21,34,0,714,0.0028011204481792717,2,142,55
1427,142,2,34,55,0,1870,0.0010695187165775401,2,142,89
1428,142,2,55,89,0,4895,0.00040858018386108274,2,142,144
1429,143,3,1,1,1,1,2,3,143,2
1430,143,3,1,2,0,2,1,3,143,3
1431,143,3,2,3,0,6,0.33333333333333331,3,143,5
1432,143,3,3,5,0,15,0.13333333333333333,3,143,8
1433,143,3,5,8,0,40,0.050000000000000003,3,143,13
1434,143,3,8,13,0,104,0.019230769230769232,3,143,21
1435,143,3,13,21,0,273,0.007326007326007326,3,143,34
1436,143,3,21,34,0,714,0.0028011204481792717,3,143,55
1437,143,3,34,55,0,1870,0.0010695187165775401,3,143,89
1438,143,3,55,89,0,4895,0.00040858018386108274,3,143,144
1439,144,0,1,1,1,1,2,0,144,2
1440,144,0,1,2,0,2,1,0,144,3
1441,144,0,2,3,0,6,0.33333333333333331,0,144,5
1442,144,0,3,5,0,15,0.13333333333333333,0,144,8
1443,144,0,5,8,0,40,0.050000000000000003,0,144,13
1444,144,0,8,13,0,104,0.019230769230769232,0,144,21
1445,144,0,13,21,0,273,0.007326007326007326,0,144,34
1446,144,0,21,34,0,714,0.0028011204481792717,0,144,55
1447,144,0,34,55,0,1870,0.0010695187165775401,0,144,89
1448,144,0,55,89,0,4895,0.00040858018386108274,0,144,144
1449,145,1,1,1,1,1,2,1,145,2
1450,145,1,1,2,0,2,1,1,145,3
1451,145,1,2,3,0,6,0.33333333333333331,1,145,5
1452,145,1,3,5,0,15,0.13333333333333333,1,145,8
1453,145,1,5,8,0,40,0.050000000000000003,1,145,13
1454,145,1,8,13,0,104,0.019230769230769232,1,145,21
1455,145,1,13,21,0,273,0.007326007326007326,1,145,34
1456,145,1,21,34,0,714,0.0028011204481792717,1,145,55
1457,145,1,34,55,0,1870,0.0010695187165775401,1,145,89
1458,145,1,55,89,0,4895,0.00040858018386108274,1,145,144
1459,146,2,1,1,1,1,2,2,146,2
1460,146,2,1,2,0,2,1,2,146,3
1461,146,2,2,3,0,6,0.33333333333333331,2,146,5
1462,146,2,3,5,0,15,0.13333333333333333,2,146,8
1463,146,2,5,8,0,40,0.050000000000000003,2,146,13
1464,146,2,8,13,0,104,0.019230769230769232,2,146,21
1465,146,2,13,21,0,273,0.007326007326007326,2,146,34
1466,146,2,21,34,0,714,0.0028011204481792717,2,146,55
1467,146,2,34,55,0,1870,0.0010695187165775401,2,146,89
1468,146,2,55,89,0,4895,0.00040858018386108274,2,146,144
1469,147,3,1,1,1,1,2,3,147,2
1470,147,3,1,2,0,2,1,3,147,3
1471,147,3,2,3,0,6,0.33333333333333331,3,147,5
1472,147,3,3,5,0,15,0.13333333333333333,3,147,8
1473,147,3,5,8,0,40,0.050000000000000003,3,147,13
1474,147,3,8,13,0,104,0.019230769230769232,3,147,21
1475,147,3,13,21,0,273,0.007326007326007326,3,147,34
1476,147,3,21,34,0,714,0.0028011204481792717,3,147,55
1477,147,3,34,55,0,1870,0.0010695187165775401,3,147,89
1478,147,3,55,89,0,4895,0.00040858018386108274,3,147,144
1479,148,0,1,1,1,1,2,0,148,2
1480,148,0,1,2,0,2,1,0,148,3
1481,148,0,2,3,0,6,0.33333333333333331,0,148,5
1482,148,0,3,5,0,15,0.13333333333333333,0,148,8
1483,148,0,5,8,0,40,0.050000000000000003,0,148,13
1484,148,0,8,13,0,104,0.019230769230769232,0,148,21
1485,148,0,13,21,0,273,0.007326007326007326,0,148,34
1486,148,0,21,34,0,714,0.0028011204481792717,0,148,55
1487,148,0,34,55,0,1870,0.0010695187165775401,0,148,89
1488,148,0,55,89,0,4895,0.00040858018386108274,0,148,144
1489,149,1,1,1,1,1,2,1,149,2
1490,149,1,1,2,0,2,1,1,149,3
1491,149,1,2,3,0,6,0.33333333333333331,1,149,5
1492,149,1,3,5,0,15,0.13333333333333333,1,149,8
1493,149,1,5,8,0,40,0.050000000000000003,1,149,13
1494,149,1,8,13,0,104,0.019230769230769232,1,149,21
1495,149,1,13,21,0,273,0.007326007326007326,1,149,34
1496,149,1,21,34,0,714,0.0028011204481792717,1,149,55
1497,149,1,34,55,0,1870,0.0010695187165775401,1,149,89
1498,149,1,55,89,0,4895,0.00040858018386108274,1,149,144
1499,150,2,1,1,1,1,2,2,150,2
1500,150,2,1,2,0,2,1,2,150,3
1501,150,2,2,3,0,6,0.33333333333333331,2,150,5
1502,150,2,3,5,0,15,0.13333333333333333,2,150,8
1503,150,2,5,8,0,40,0.050000000000000003,2,150,13
1504,150,2,8,13,0,104,0.019230769230769232,2,150,21
1505,150,2,13,21,0,273,0.007326007326007326,2,150,34
1506,150,2,21,34,0,714,0.0028011204481792717,2,150,55
1507,150,2,34,55,0,1870,0.0010695187165775401,2,150,89
1508,150,2,55,89,0,4895,0.00040858018386108274,2,150,144
1509,151,3,1,1,1,1,2,3,151,2
1510,151,3,1,2,0,2,1,3,151,3
1511,151,3,2,3,0,6,0.33333333333333331,3,151,5
1512,151,3,3,5,0,15,0.13333333333333333,3,151,8
1513,151,3,5,8,0,40,0.050000000000000003,3,151,13
1514,151,3,8,13,0,104,0.019230769230769232,3,151,21
1515,151,3,13,21,0,273,0.007326007326007326,3,151,34
1516,151,3,21,34,0,714,0.0028011204481792717,3,151,55
1517,151,3,34,55,0,1870,0.0010695187165775401,3,151,89
1518,151,3,55,89,0,4895,0.00040858018386108274,3,151,144
1519,152,0,1,1,1,1,2,0,152,2
1520,152,0,1,2,0,2,1,0,152,3
1521,152,0,2,3,0,6,0.33333333333333331,0,152,5
1522,152,0,3,5,0,15,0.13333333333333333,0,152,8
1523,152,0,5,8,0,40,0.050000000000000003,0,152,13
1524,152,0,8,13,0,104,0.019230769230769232,0,152,21
1525,152,0,13,21,0,273,0.007326007326007326,0,152,34
1526,152,0,21,34,0,714,0.0028011204481792717,0,152,55
1527,152,0,34,55,0,1870,0.0010695187165775401,0,152,89
1528,152,0,55,89,0,4895,0.00040858018386108274,0,152,144
1529,153,1,1,1,1,1,2,1,153,2
1530,153,1,1,2,0,2,1,1,153,3
1531,153,1,2,3,0,6,0.33333333333333331,1,153,5
1532,153,1,3,5,0,15,0.13333333333333333,1,153,8
1533,153,1,5,8,0,40,0.050000000000000003,1,153,13
1534,153,1,8,13,0,104,0.019230769230769232,1,153,21
1535,153,1,13,21,0,273,0.007326007326007326,1,153,34
1536,153,1,21,34,0,714,0.0028011204481792717,1,153,55
1537,153,1,34,55,0,1870,0.0010695187165775401,1,153,89
1538,153,1,55,89,0,4895,0.00040858018386108274,1,153,144
1539,154,2,1,1,1,1,2,2,154,2
1540,154,2,1,2,0,2,1,2,154,3
1541,154,2,2,3,0,6,0.33333333333333331,2,154,5
1542,154,2,3,5,0,15,0.13333333333333333,2,154,8
1543,154,2,5,8,0,40,0.050000000000000003,2,154,13
1544,154,2,8,13,0,104,0.019230769230769232,2,154,21
1545,154,2,13,21,0,273,0.007326007326007326,2,154,34
1546,154,2,21,34,0,714,0.0028011204481792717,2,154,55
1547,154,2,34,55,0,1870,0.0010695187165775401,2,154,89
1548,154,2,55,89,0,4895,0.00040858018386108274,2,154,144
1549,155,3,1,1,1,1,2,3,155,2
1550,155,3,1,2,0,2,1,3,155,3
1551,155,3,2,3,0,6,0.33333333333333331,3,155,5
1552,155,3,3,5,0,15,0.13333333333333333,3,155,8
1553,155,3,5,8,0,40,0.050000000000000003,3,155,13
1554,155,3,8,13,0,104,0.019230769230769232,3,155,21
1555,155,3,13,21,0,273,0.007326007326007326,3,155,34
1556,155,3,21,34,0,714,0.0028011204481792717,3,155,55
1557,155,3,34,55,0,1870,0.0010695187165775401,3,155,89
1558,155,3,55,89,0,4895,0.00040858018386108274,3,155,144
1559,156,0,1,1,1,1,2,0,156,2
1560,156,0,1,2,0,2,1,0,156,3
1561,156,0,2,3,0,6,0.33333333333333331,0,156,5
1562,156,0,3,5,0,15,0.13333333333333333,0,156,8
1563,156,0,5,8,0,40,0.050000000000000003,0,156,13
1564,156,0,8,13,0,104,0.019230769230769232,0,156,21
1565,156,0,13,21,0,273,0.007326007326007326,0,156,34
1566,156,0,21,34,0,714,0.0028011204481792717,0,156,55
1567,156,0,34,55,0,1870,0.0010695187165775401,0,156,89
1568,156,0,55,89,0,4895,0.00040858018386108274,0,156,144
1569,157,1,1,1,1,1,2,1,157,2
1570,157,1,1,2,0,2,1,1,157,3
1571,157,1,2,3,0,6,0.33333333333333331,1,157,5
1572,157,1,3,5,0,15,0.13333333333333333,1,157,8
1573,157,1,5,8,0,40,0.050000000000000003,1,157,13
1574,157,1,8,13,0,104,0.019230769230769232,1,157,21
1575,157,1,13,21,0,273,0.007326007326007326,1,157,34
1576,157,1,21,34,0,714,0.0028011204481792717,1,157,55
1577,157,1,34,55,0,1870,0.0010695187165775401,1,157,89
1578,157,1,55,89,0,4895,0.00040858018386108274,1,157,144
1579,158,2,1,1,1,1,2,2,158,2
1580,158,2,1,2,0,2,1,2,158,3
1581,158,2,2,3,0,6,0.33333333333333331,2,158,5
1582,158,2,3,5,0,15,0.13333333333333333,2,158,8
1583,158,2,5,8,0,40,0.050000000000000003,2,158,13
1584,158,2,8,13,0,104,0.019230769230769232,2,158,21
1585,158,2,13,21,0,273,0.007326007326007326,2,158,34
1586,158,2,21,34,0,714,0.0028011204481792717,2,158,55
1587,158,2,34,55,0,1870,0.0010695187165775401,2,158,89
1588,158,2,55,89,0,4895,0.00040858018386108274,2,158,144
1589,159,3,1,1,1,1,2,3,159,2
1590,159,3,1,2,0,2,1,3,159,3
1591,159,3,2,3,0,6,0.33333333333333331,3,159,5
1592,159,3,3,5,0,15,0.13333333333333333,3,159,8
1593,159,3,5,8,0,40,0.050000000000000003,3,159,13
1594,159,3,8,13,0,104,0.019230769230769232,3,159,21
1595,159,3,13,21,0,273,0.007326007326007326,3,159,34
1596,159,3,21,34,0,714,0.0028011204481792717,3,159,55
1597,159,3,34,55,0,1870,0.0010695187165775401,3,159,89
1598,159,3,55,89,0,4895,0.00040858018386108274,3,159,144
1599,160,0,1,1,1,1,2,0,160,2
1600,160,0,1,2,0,2,1,0,160,3
1601,160,0,2,3,0,6,0.33333333333333331,0,160,5
1602,160,0,3,5,0,15,0.13333333333333333,0,160,8
1603,160,0,5,8,0,40,0.050000000000000003,0,160,13
1604,160,0,8,13,0,104,0.019230769230769232,0,160,21
1605,160,0,13,21,0,273,0.007326007326007326,0,160,34
1606,160,0,21,34,0,714,0.0028011204481792717,0,160,55
1607,160,0,34,55,0,1870,0.0010695187165775401,0,160,89
1608,160,0,55,89,0,4895,0.00040858018386108274,0,160,144
1609,161,1,1,1,1,1,2,1,161,2
1610,161,1,1,2,0,2,1,1,161,3
1611,161,1,2,3,0,6,0.33333333333333331,1,161,5
1612,161,1,3,5,0,15,0.13333333333333333,1,161,8
1613,161,1,5,8,0,40,0.050000000000000003,1,161,13
1614,161,1,8,13,0,104,0.019230769230769232,1,161,21
1615,161,1,13,21,0,273,0.007326007326007326,1,161,34
1616,161,1,21,34,0,714,0.0028011204481792717,1,161,55
1617,161,1,34,55,0,1870,0.0010695187165775401,1,161,89
1618,161,1,55,89,0,4895,0.00040858018386108274,1,161,144
1619,162,2,1,1,1,1,2,2,162,2
1620,162,2,1,2,0,2,1,2,162,3
1621,162,2,2,3,0,6,0.33333333333333331,2,162,5
1622,162,2,3,5,0,15,0.13333333333333333,2,162,8
1623,162,2,5,8,0,40,0.050000000000000003,2,162,13
1624,162,2,8,13,0,104,0.019230769230769232,2,162,21
1625,162,2,13,21,0,273,0.007326007326007326,2,162,34
1626,162,2,21,34,0,714,0.0028011204481792717,2,162,55
1627,162,2,34,55,0,1870,0.0010695187165775401,2,162,89
1628,162,2,55,89,0,4895,0.00040858018386108274,2,162,144
1629,163,3,1,1,1,1,2,3,163,2
1630,163,3,1,2,0,2,1,3,163,3
1631,163,3,2,3,0,6,0.33333333333333331,3,163,5
1632,163,3,3,5,0,15,0.13333333333333333,3,163,8
1633,163,3,5,8,0,40,0.050000000000000003,3,163,13
1634,163,3,8,13,0,104,0.019230769230769232,3,163,21
1635,163,3,13,21,0,273,0.007326007326007326,3,163,34
1636,163,3,21,34,0,714,0.0028011204481792717,3,163,55
1637,163,3,34,55,0,1870,0.0010695187165775401,3,163,89
1638,163,3,55,89,0,4895,0.00040858018386108274,3,163,144
1639,164,0,1,1,1,1,2,0,164,2
1640,164,0,1,2,0,2,1,0,164,3
1641,164,0,2,3,0,6,0.33333333333333331,0,164,5
1642,164,0,3,5,0,15,0.13333333333333333,0,164,8
1643,164,0,5,8,0,40,0.050000000000000003,0,164,13
1644,164,0,8,13,0,104,0.019230769230769232,0,164,21
1645,164,0,13,21,0,273,0.007326007326007326,0,164,34
1646,164,0,21,34,0,714,0.0028011204481792717,0,164,55
1647,164,0,34,55,0,1870,0.0010695187165775401,0,164,89
1648,164,0,55,89,0,4895,0.00040858018386108274,0,164,144
1649,165,1,1,1,1,1,2,1,165,2
1650,165,1,1,2,0,2,1,1,165,3
1651,165,1,2,3,0,6,0.33333333333333331,1,165,5
1652,165,1,3,5,0,15,0.13333333333333333,1,165,8
1653,165,1,5,8,0,40,0.050000000000000003,1,165,13
1654,165,1,8,13,0,104,0.019230769230769232,1,165,21
1655,165,1,13,21,0,273,0.007326007326007326,1,165,34
1656,165,1,21,34,0,714,0.0028011204481792717,1,165,55
1657,165,1,34,55,0,1870,0.0010695187165775401,1,165,89
1658,165,1,55,89,0,4895,0.00040858018386108274,1,165,144
1659,166,2,1,1,1,1,2,2,166,2
1660,166,2,1,2,0,2,1,2,166,3
1661,166,2,2,3,0,6,0.33333333333333331,2,166,5
1662,166,2,3,5,0,15,0.13333333333333333,2,166,8
1663,166,2,5,8,0,40,0.050000000000000003,2,166,13
1664,166,2,8,13,0,104,0.019230769230769232,2,166,21
1665,166,2,13,21,0,273,0.007326007326007326,2,166,34
1666,166,2,21,34,0,714,0.0028011204481792717,2,166,55
1667,166,2,34,55,0,1870,0.0010695187165775401,2,166,89
1668,166,2,55,89,0,4895,0.00040858018386108274,2,166,144
1669,167,3,1,1,1,1,2,3,167,2
1670,167,3,1,2,0,2,1,3,167,3
1671,167,3,2,3,0,6,0.33333333333333331,3,167,5
1672,167,3,3,5,0,15,0.13333333333333333,3,167,8
1673,167,3,5,8,0,40,0.050000000000000003,3,167,13
1674,167,3,8,13,0,104,0.019230769230769232,3,167,21
1675,167,3,13,21,0,273,0.007326007326007326,3,167,34
1676,167,3,21,34,0,714,0.0028011204481792717,3,167,55
1677,167,3,34,55,0,1870,0.0010695187165775401,3,167,89
1678,167,3,55,89,0,4895,0.00040858018386108274,3,167,144
1679,168,0,1,1,1,1,2,0,168,2
1680,168,0,1,2,0,2,1,0,168,3
1681,168,0,2,3,0,6,0.33333333333333331,0,168,5
1682,168,0,3,5,0,15,0.13333333333333333,0,168,8
1683,168,0,5,8,0,40,0.050000000000000003,0,168,13
1684,168,0,8,13,0,104,0.019230769230769232,0,168,21
1685,168,0,13,21,0,273,0.007326007326007326,0,168,34
1686,168,0,21,34,0,714,0.0028011204481792717,0,168,55
1687,168,0,34,55,0,1870,0.0010695187165775401,0,168,89
1688,168,0,55,89,0,4895,0.00040858018386108274,0,168,144
1689,169,1,1,1,1,1,2,1,169,2
1690,169,1,1,2,0,2,1,1,169,3
1691,169,1,2,3,0,6,0.33333333333333331,1,169,5
1692,169,1,3,5,0,15,0.13333333333333333,1,169,8
1693,169,1,5,8,0,40,0.050000000000000003,1,169,13
1694,169,1,8,13,0,104,0.019230769230769232,1,169,21
1695,169,1,13,21,0,273,0.007326007326007326,1,169,34
1696,169,1,21,34,0,714,0.0028011204481792717,1,169,55
1697,169,1,34,55,0,1870,0.0010695187165775401,1,169,89
1698,169,1,55,89,0,4895,0.00040858018386108274,1,169,144
1699,170,2,1,1,1,1,2,2,170,2
1700,170,2,1,2,0,2,1,2,170,3
1701,170,2,2,3,0,6,0.33333333333333331,2,170,5
1702,170,2,3,5,0,15,0.13333333333333333,2,170,8
1703,170,2,5,8,0,40,0.050000000000000003,2,170,13
1704,170,2,8,13,0,104,0.019230769230769232,2,170,21
1705,170,2,13,21,0,273,0.007326007326007326,2,170,34
1706,170,2,21,34,0,714,0.0028011204481792717,2,170,55
1707,170,2,34,55,0,1870,0.0010695187165775401,2,170,89
1708,170,2,55,89,0,4895,0.00040858018386108274,2,170,144
1709,171,3,1,1,1,1,2,3,171,2
1710,171,3,1,2,0,2,1,3,171,3
1711,171,3,2,3,0,6,0.33333333333333331,3,171,5
1712,171,3,3,5,0,15,0.13333333333333333,3,171,8
1713,171,3,5,8,0,40,0.050000000000000003,3,171,13
1714,171,3,8,13,0,104,0.019230769230769232,3,171,21
1715,171,3,13,21,0,273,0.007326007326007326,3,171,34
1716,171,3,21,34,0,714,0.0028011204481792717,3,171,55
1717,171,3,34,55,0,1870,0.0010695187165775401,3,171,89
1718,171,3,55,89,0,4895,0.00040858018386108274,3,171,144
1719,172,0,1,1,1,1,2,0,172,2
1720,172,0,1,2,0,2,1,0,172,3
1721,172,0,2,3,0,6,0.33333333333333331,0,172,5
1722,172,0,3,5,0,15,0.13333333333333333,0,172,8
1723,172,0,5,8,0,40,0.050000000000000003,0,172,13
1724,172,0,8,13,0,104,0.019230769230769232,0,172,21
1725,172,0,13,21,0,273,0.007326007326007326,0,172,34
1726,172,0,21,34,0,714,0.0028011204481792717,0,172,55
1727,172,0,34,55,0,1870,0.0010695187165775401,0,172,89
1728,172,0,55,89,0,4895,0.00040858018386108274,0,172,144
1729,173,1,1,1,1,1,2,1,173,2
1730,173,1,1,2,0,2,1,1,173,3
1731,173,1,2,3,0,6,0.33333333333333331,1,173,5
1732,173,1,3,5,0,15,0.13333333333333333,1,173,8
1733,173,1,5,8,0,40,0.050000000000000003,1,173,13
1734,173,1,8,13,0,104,0.019230769230769232,1,173,21
1735,173,1,13,21,0,273,0.007326007326007326,1,173,34
1736,173,1,21,34,0,714,0.0028011204481792717,1,173,55
1737,173,1,34,55,0,1870,0.0010695187165775401,1,173,89
1738,173,1,55,89,0,4895,0.00040858018386108274,1,173,144
1739,174,2,1,1,1,1,2,2,174,2
1740,174,2,1,2,0,2,1,2,174,3
1741,174,2,2,3,0,6,0.33333333333333331,2,174,5
1742,174,2,3,5,0,15,0.13333333333333333,2,174,8
1743,174,2,5,8,0,40,0.050000000000000003,2,174,13
1744,174,2,8,13,0,104,0.019230769230769232,2,174,21
1745,174,2,13,21,0,273,0.007326007326007326,2,174,34
1746,174,2,21,34,0,714,0.0028011204481792717,2,174,55
1747,174,2,34,55,0,1870,0.0010695187165775401,2,174,89
1748,174,2,55,89,0,4895,0.00040858018386108274,2,174,144
1749,175,3,1,1,1,1,2,3,175,2
1750,175,3,1,2,0,2,1,3,175,3
1751,175,3,2,3,0,6,0.33333333333333331,3,175,5
1752,175,3,3,5,0,15,0.13333333333333333,3,175,8
1753,175,3,5,8,0,40,0.050000000000000003,3,175,13
1754,175,3,8,13,0,104,0.019230769230769232,3,175,21
1755,175,3,13,21,0,273,0.007326007326007326,3,175,34
1756,175,3,21,34,0,714,0.0028011204481792717,3,175,55
1757,175,3,34,55,0,1870,0.0010695187165775401,3,175,89
1758,175,3,55,89,0,4895,0.00040858018386108274,3,175,144
1759,176,0,1,1,1,1,2,0,176,2
1760,176,0,1,2,0,2,1,0,176,3
1761,176,0,2,3,0,6,0.33333333333333331,0,176,5
1762,176,0,3,5,0,15,0.13333333333333333,0,176,8
1763,176,0,5,8,0,40,0.050000000000000003,0,176,13
1764,176,0,8,13,0,104,0.019230769230769232,0,176,21
1765,176,0,13,21,0,273,0.007326007326007326,0,176,34
1766,176,0,21,34,0,714,0.0028011204481792717,0,176,55
1767,176,0,34,55,0,1870,0.0010695187165775401,0,176,89
1768,176,0,55,89,0,4895,0.00040858018386108274,0,176,144
1769,177,1,1,1,1,1,2,1,177,2
1770,177,1,1,2,0,2,1,1,177,3
1771,177,1,2,3,0,6,0.33333333333333331,1,177,5
1772,177,1,3,5,0,15,0.13333333333333333,1,177,8
1773,177,1,5,8,0,40,0.050000000000000003,1,177,13
1774,177,1,8,13,0,104,0.019230769230769232,1,177,21
1775,177,1,13,21,0,273,0.007326007326007326,1,177,34
1776,177,1,21,34,0,714,0.0028011204481792717,1,177,55
1777,177,1,34,55,0,1870,0.0010695187165775401,1,177,89
1778,177,1,55,89,0,4895,0.00040858018386108274,1,177,144
1779,178,2,1,1,1,1,2,2,178,2
1780,178,2,1,2,0,2,1,2,178,3
1781,178,2,2,3,0,6,0.33333333333333331,2,178,5
1782,178,2,3,5,0,15,0.13333333333333333,2,178,8
1783,178,2,5,8,0,40,0.050000000000000003,2,178,13
1784,178,2,8,13,0,104,0.019230769230769232,2,178,21
1785,178,2,13,21,0,273,0.007326007326007326,2,178,34
1786,178,2,21,34,0,714,0.0028011204481792717,2,178,55
1787,178,2,34,55,0,1870,0.0010695187165775401,2,178,89
1788,178,2,55,89,0,4895,0.00040858018386108274,2,178,144
1789,179,3,1,1,1,1,2,3,179,2
1790,179,3,1,2,0,2,1,3,179,3
1791,179,3,2,3,0,6,0.33333333333333331,3,179,5
1792,179,3,3,5,0,15,0.13333333333333333,3,179,8
1793,179,3,5,8,0,40,0.050000000000000003,3,179,13
1794,179,3,8,13,0,104,0.019230769230769232,3,179,21
1795,179,3,13,21,0,273,0.007326007326007326,3,179,34
1796,179,3,21,34,0,714,0.0028011204481792717,3,179,55
1797,179,3,34,55,0,1870,0.0010695187165775401,3,179,89
1798,179,3,55,89,0,4895,0.00040858018386108274,3,179,144
1799,180,0,1,1,1,1,2,0,180,2
1800,180,0,1,2,0,2,1,0,180,3
1801,180,0,2,3,0,6,0.33333333333333331,0,180,5
1802,180,0,3,5,0,15,0.13333333333333333,0,180,8
1803,180,0,5,8,0,40,0.050000000000000003,0,180,13
1804,180,0,8,13,0,104,0.019230769230769232,0,180,21
1805,180,0,13,21,0,273,0.007326007326007326,0,180,34
1806,180,0,21,34,0,714,0.0028011204481792717,0,180,55
1807,180,0,34,55,0,1870,0.0010695187165775401,0,180,89
1808,180,0,55,89,0,4895,0.00040858018386108274,0,180,144
1809,181,1,1,1,1,1,2,1,181,2
1810,181,1,1,2,0,2,1,1,181,3
1811,181,1,2,3,0,6,0.33333333333333331,1,181,5
1812,181,1,3,5,0,15,0.13333333333333333,1,181,8
1813,181,1,5,8,0,40,0.050000000000000003,1,181,13
1814,181,1,8,13,0,104,0.019230769230769232,1,181,21
1815,181,1,13,21,0,273,0.007326007326007326,1,181,34
1816,181,1,21,34,0,714,0.0028011204481792717,1,181,55
1817,181,1,34,55,0,1870,0.0010695187165775401,1,181,89
1818,181,1,55,89,0,4895,0.00040858018386108274,1,181,144
1819,182,2,1,1,1,1,2,2,182,2
1820,182,2,1,2,0,2,1,2,182,3
1821,182,2,2,3,0,6,0.33333333333333331,2,182,5
1822,182,2,3,5,0,15,0.13333333333333333,2,182,8
1823,182,2,5,8,0,40,0.050000000000000003,2,182,13
1824,182,2,8,13,0,104,0.019230769230769232,2,182,21
1825,182,2,13,21,0,273,0.007326007326007326,2,182,34
1826,182,2,21,34,0,714,0.0028011204481792717,2,182,55
1827,182,2,34,55,0,1870,0.0010695187165775401,2,182,89
1828,182,2,55,89,0,4895,0.00040858018386108274,2,182,144
1829,183,3,1,1,1,1,2,3,183,2
1830,183,3,1,2,0,2,1,3,183,3
1831,183,3,2,3,0,6,0.33333333333333331,3,183,5
1832,183,3,3,5,0,15,0.13333333333333333,3,183,8
1833,183,3,5,8,0,40,0.050000000000000003,3,183,13
1834,183,3,8,13,0,104,0.019230769230769232,3,183,21
1835,183,3,13,21,0,273,0.007326007326007326,3,183,34
1836,183,3,21,34,0,714,0.0028011204481792717,3,183,55
1837,183,3,34,55,0,1870,0.0010695187165775401,3,183,89
1838,183,3,55,89,0,4895,0.00040858018386108274,3,183,144
1839,184,0,1,1,1,1,2,0,184,2
1840,184,0,1,2,0,2,1,0,184,3
1841,184,0,2,3,0,6,0.33333333333333331,0,184,5
1842,184,0,3,5,0,15,0.13333333333333333,0,184,8
1843,184,0,5,8,0,40,0.050000000000000003,0,184,13
1844,184,0,8,13,0,104,0.019230769230769232,0,184,21
1845,184,0,13,21,0,273,0.007326007326007326,0,184,34
1846,184,0,21,34,0,714,0.0028011204481792717,0,184,55
1847,184,0,34,55,0,1870,0.0010695187165775401,0,184,89
1848,184,0,55,89,0,4895,0.00040858018386108274,0,184,144
1849,185,1,1,1,1,1,2,1,185,2
1850,185,1,1,2,0,2,1,1,185,3
1851,185,1,2,3,0,6,0.33333333333333331,1,185,5
1852,185,1,3,5,0,15,0.13333333333333333,1,185,8
1853,185,1,5,8,0,40,0.050000000000000003,1,185,13
1854,185,1,8,13,0,104,0.019230769230769232,1,185,21
1855,185,1,13,21,0,273,0.007326007326007326,1,185,34
1856,185,1,21,34,0,714,0.0028011204481792717,1,185,55
1857,185,1,34,55,0,1870,0.0010695187165775401,1,185,89
1858,185,1,55,89,0,4895,0.00040858018386108274,1,185,144
1859,186,2,1,1,1,1,2,2,186,2
1860,186,2,1,2,0,2,1,2,186,3
1861,186,2,2,3,0,6,0.33333333333333331,2,186,5
1862,186,2,3,5,0,15,0.13333333333333333,2,186,8
1863,186,2,5,8,0,40,0.050000000000000003,2,186,13
1864,186,2,8,13,0,104,0.019230769230769232,2,186,21
1865,186,2,13,21,0,273,0.007326007326007326,2,186,34
1866,186,2,21,34,0,714,0.0028011204481792717,2,186,55
1867,186,2,34,55,0,1870,0.0010695187165775401,2,186,89
1868,186,2,55,89,0,4895,0.00040858018386108274,2,186,144
1869,187,3,1,1,1,1,2,3,187,2
1870,187,3,1,2,0,2,1,3,187,3
1871,187,3,2,3,0,6,0.33333333333333331,3,187,5
1872,187,3,3,5,0,15,0.13333333333333333,3,187,8
1873,187,3,5,8,0,40,0.050000000000000003,3,187,13
1874,187,3,8,13,0,104,0.019230769230769232,3,187,21
1875,187,3,13,21,0,273,0.007326007326007326,3,187,34
1876,187,3,21,34,0,714,0.0028011204481792717,3,187,55
1877,187,3,34,55,0,1870,0.0010695187165775401,3,187,89
1878,187,3,55,89,0,4895,0.00040858018386108274,3,187,144
1879,188,0,1,1,1,1,2,0,188,2
1880,188,0,1,2,0,2,1,0,188,3
1881,188,0,2,3,0,6,0.33333333333333331,0,188,5
1882,188,0,3,5,0,15,0.13333333333333333,0,188,8
1883,188,0,5,8,0,40,0.050000000000000003,0,188,13
1884,188,0,8,13,0,104,0.019230769230769232,0,188,21
1885,188,0,13,21,0,273,0.007326007326007326,0,188,34
1886,188,0,21,34,0,714,0.0028011204481792717,0,188,55
1887,188,0,34,55,0,1870,0.0010695187165775401,0,188,89
1888,188,0,55,89,0,4895,0.00040858018386108274,0,188,144
1889,189,1,1,1,1,1,2,1,189,2
1890,189,1,1,2,0,2,1,1,189,3
1891,189,1,2,3,0,6,0.33333333333333331,1,189,5
1892,189,1,3,5,0,15,0.13333333333333333,1,189,8
1893,189,1,5,8,0,40,0.050000000000000003,1,189,13
1894,189,1,8,13,0,104,0.019230769230769232,1,189,21
1895,189,1,13,21,0,273,0.007326007326007326,1,189,34
1896,189,1,21,34,0,714,0.0028011204481792717,1,189,55
1897,189,1,34,55,0,1870,0.0010695187165775401,1,189,89
1898,189,1,55,89,0,4895,0.00040858018386108274,1,189,144
1899,190,2,1,1,1,1,2,2,190,2
1900,190,2,1,2,0,2,1,2,190,3
1901,190,2,2,3,0,6,0.33333333333333331,2,190,5
1902,190,2,3,5,0,15,0.13333333333333333,2,190,8
1903,190,2,5,8,0,40,0.050000000000000003,2,190,13
1904,190,2,8,13,0,104,0.019230769230769232,2,190,21
1905,190,2,13,21,0,273,0.007326007326007326,2,190,34
1906,190,2,21,34,0,714,0.0028011204481792717,2,190,55
1907,190,2,34,55,0,1870,0.0010695187165775401,2,190,89
1908,190,2,55,89,0,4895,0.00040858018386108274,2,190,144
1909,191,3,1,1,1,1,2,3,191,2
1910,191,3,1,2,0,2,1,3,191,3
1911,191,3,2,3,0,6,0.33333333333333331,3,191,5
1912,191,3,3,5,0,15,0.13333333333333333,3,191,8
1913,191,3,5,8,0,40,0.050000000000000003,3,191,13
1914,191,3,8,13,0,104,0.019230769230769232,3,191,21
1915,191,3,13,21,0,273,0.007326007326007326,3,191,34
1916,191,3,21,34,0,714,0.0028011204481792717,3,191,55
1917,191,3,34,55,0,1870,0.0010695187165775401,3,191,89
1918,191,3,55,89,0,4895,0.00040858018386108274,3,191,144
1919,192,0,1,1,1,1,2,0,192,2
1920,192,0,1,2,0,2,1,0,192,3
1921,192,0,2,3,0,6,0.33333333333333331,0,192,5
1922,192,0,3,5,0,15,0.13333333333333333,0,192,8
1923,192,0,5,8,0,40,0.050000000000000003,0,192,13
1924,192,0,8,13,0,104,0.019230769230769232,0,192,21
1925,192,0,13,21,0,273,0.007326007326007326,0,192,34
1926,192,0,21,34,0,714,0.0028011204481792717,0,192,55
1927,192,0,34,55,0,1870,0.0010695187165775401,0,192,89
1928,192,0,55,89,0,4895,0.00040858018386108274,0,192,144
1929,193,1,1,1,1,1,2,1,193,2
1930,193,1,1,2,0,2,1,1,193,3
1931,193,1,2,3,0,6,0.33333333333333331,1,193,5
1932,193,1,3,5,0,15,0.13333333333333333,1,193,8
1933,193,1,5,8,0,40,0.050000000000000003,1,193,13
1934,193,1,8,13,0,104,0.019230769230769232,1,193,21
1935,193,1,13,21,0,273,0.007326007326007326,1,193,34
1936,193,1,21,34,0,714,0.0028011204481792717,1,193,55
1937,193,1,34,55,0,1870,0.0010695187165775401,1,193,89
1938,193,1,55,89,0,4895,0.00040858018386108274,1,193,144
1939,194,2,1,1,1,1,2,2,194,2
1940,194,2,1,2,0,2,1,2,194,3
1941,194,2,2,3,0,6,0.33333333333333331,2,194,5
1942,194,2,3,5,0,15,0.13333333333333333,2,194,8
1943,194,2,5,8,0,40,0.050000000000000003,2,194,13
1944,194,2,8,13,0,104,0.019230769230769232,2,194,21
1945,194,2,13,21,0,273,0.007326007326007326,2,194,34
1946,194,2,21,34,0,714,0.0028011204481792717,2,194,55
1947,194,2,34,55,0,1870,0.0010695187165775401,2,194,89
1948,194,2,55,89,0,4895,0.00040858018386108274,2,194,144
1949,195,3,1,1,1,1,2,3,195,2
1950,195,3,1,2,0,2,1,3,195,3
1951,195,3,2,3,0,6,0.33333333333333331,3,195,5
1952,195,3,3,5,0,15,0.13333333333333333,3,195,8
1953,195,3,5,8,0,40,0.050000000000000003,3,195,13
1954,195,3,8,13,0,104,0.019230769230769232,3,195,21
1955,195,3,13,21,0,273,0.007326007326007326,3,195,34
1956,195,3,21,34,0,714,0.0028011204481792717,3,195,55
1957,195,3,34,55,0,1870,0.0010695187165775401,3,195,89
1958,195,3,55,89,0,4895,0.00040858018386108274,3,195,144
1959,196,0,1,1,1,1,2,0,196,2
1960,196,0,1,2,0,2,1,0,196,3
1961,196,0,2,3,0,6,0.33333333333333331,0,196,5
1962,196,0,3,5,0,15,0.13333333333333333,0,196,8
1963,196,0,5,8,0,40,0.050000000000000003,0,196,13
1964,196,0,8,13,0,104,0.019230769230769232,0,196,21
1965,196,0,13,21,0,273,0.007326007326007326,0,196,34
1966,196,0,21,34,0,714,0.0028011204481792717,0,196,55
1967,196,0,34,55,0,1870,0.0010695187165775401,0,196,89
1968,196,0,55,89,0,4895,0.00040858018386108274,0,196,144
1969,197,1,1,1,1,1,2,1,197,2
1970,197,1,1,2,0,2,1,1,197,3
1971,197,1,2,3,0,6,0.33333333333333331,1,197,5
1972,197,1,3,5,0,15,0.13333333333333333,1,197,8
1973,197,1,5,8,0,40,0.050000000000000003,1,197,13
1974,197,1,8,13,0,104,0.019230769230769232,1,197,21
1975,197,1,13,21,0,273,0.007326007326007326,1,197,34
1976,197,1,21,34,0,714,0.0028011204481792717,1,197,55
1977,197,1,34,55,0,1870,0.0010695187165775401,1,197,89
1978,197,1,55,89,0,4895,0.00040858018386108274,1,197,144
1979,198,2,1,1,1,1,2,2,198,2
1980,198,2,1,2,0,2,1,2,198,3
1981,198,2,2,3,0,6,0.33333333333333331,2,198,5
1982,198,2,3,5,0,15,0.13333333333333333,2,198,8
1983,198,2,5,8,0,40,0.050000000000000003,2,198,13
1984,198,2,8,13,0,104,0.019230769230769232,2,198,21
1985,198,2,13,21,0,273,0.007326007326007326,2,198,34
1986,198,2,21,34,0,714,0.0028011204481792717,2,198,55
1987,198,2,34,55,0,1870,0.0010695187165775401,2,198,89
1988,198,2,55,89,0,4895,0.00040858018386108274,2,198,144
1989,199,3,1,1,1,1,2,3,199,2
1990,199,3,1,2,0,2,1,3,199,3
1991,199,3,2,3,0,6,0.33333333333333331,3,199,5
1992,199,3,3,5,0,15,0.13333333333333333,3,199,8
1993,199,3,5,8,0,40,0.050000000000000003,3,199,13
1994,199,3,8,13,0,104,0.019230769230769232,3,199,21
1995,199,3,13,21,0,273,0.007326007326007326,3,199,34
1996,199,3,21,34,0,714,0.0028011204481792717,3,199,55
1997,199,3,34,55,0,1870,0.0010695187165775401,3,199,89
1998,199,3,55,89,0,4895,0.00040858018386108274,3,199,144
1999,200,0,1,1,1,1,2,0,200,2
2000,200,0,1,2,0,2,1,0,200,3
2001,200,0,2,3,0,6,0.33333333333333331,0,200,5
2002,200,0,3,5,0,15,0.13333333333333333,0,200,8
2003,200,0,5,8,0,40,0.050000000000000003,0,200,13
2004,200,0,8,13,0,104,0.019230769230769232,0,200,21
2005,200,0,13,21,0,273,0.007326007326007326,0,200,34
2006,200,0,21,34,0,714,0.0028011204481792717,0,200,55
2007,200,0,34,55,0,1870,0.0010695187165775401,0,200,89
2008,200,0,55,89,0,4895,0.00040858018386108274,0,200,144
2009,201,1,1,1,1,1,2,1,201,2
2010,201,1,1,2,0,2,1,1,201,3
2011,201,1,2,3,0,6,0.33333333333333331,1,201,5
2012,201,1,3,5,0,15,0.13333333333333333,1,201,8
2013,201,1,5,8,0,40,0.050000000000000003,1,201,13
2014,201,1,8,13,0,104,0.019230769230769232,1,201,21
2015,201,1,13,21,0,273,0.007326007326007326,1,201,34
2016,201,1,21,34,0,714,0.0028011204481792717,1,201,55
2017,201,1,34,55,0,1870,0.0010695187165775401,1,201,89
2018,201,1,55,89,0,4895,0.00040858018386108274,1,201,144
2019,202,2,1,1,1,1,2,2,202,2
2020,202,2,1,2,0,2,1,2,202,3
2021,202,2,2,3,0,6,0.33333333333333331,2,202,5
2022,202,2,3,5,0,15,0.13333333333333333,2,202,8
2023,202,2,5,8,0,40,0.050000000000000003,2,202,13
2024,202,2,8,13,0,104,0.019230769230769232,2,202,21
2025,202,2,13,21,0,273,0.007326007326007326,2,202,34
2026,202,2,21,34,0,714,0.0028011204481792717,2,202,55
2027,202,2,34,55,0,1870,0.0010695187165775401,2,202,89
2028,202,2,55,89,0,4895,0.00040858018386108274,2,202,144
2029,203,3,1,1,1,1,2,3,203,2
2030,203,3,1,2,0,2,1,3,203,3
2031,203,3,2,3,0,6,0.33333333333333331,3,203,5
2032,203,3,3,5,0,15,0.13333333333333333,3,203,8
2033,203,3,5,8,0,40,0.050000000000000003,3,203,13
2034,203,3,8,13,0,104,0.019230769230769232,3,203,21
2035,203,3,13,21,0,273,0.007326007326007326,3,203,34
2036,203,3,21,34,0,714,0.0028011204481792717,3,203,55
2037,203,3,34,55,0,1870,0.0010695187165775401,3,203,89
2038,203,3,55,89,0,4895,0.00040858018386108274,3,203,144
2039,204,0,1,1,1,1,2,0,204,2
2040,204,0,1,2,0,2,1,0,204,3
2041,204,0,2,3,0,6,0.33333333333333331,0,204,5
2042,204,0,3,5,0,15,0.13333333333333333,0,204,8
2043,204,0,5,8,0,40,0.050000000000000003,0,204,13
2044,204,0,8,13,0,104,0.019230769230769232,0,204,21
2045,204,0,13,21,0,273,0.007326007326007326,0,204,34
2046,204,0,21,34,0,714,0.0028011204481792717,0,204,55
2047,204,0,34,55,0,1870,0.0010695187165775401,0,204,89
