tick,A,theta_tick,kappa,u,v,r_num,r_den,event,cL_num,cL_den,cR_num,cR_den
0,0,1,0,2,3,1,6,0,-2,48,14,48
1,0,2,0,3,5,1,15,0,22,120,38,120
2,0,3,0,5,8,1,40,0,112,320,128,320
3,1,4,0,8,13,1,104,1,408,832,424,832
4,1,5,0,13,21,1,273,0,1357,2184,1373,2184
5,1,6,0,21,34,1,714,0,4276,5712,4292,5712
6,1,7,0,34,55,1,1870,0,13082,14960,13098,14960
7,1,8,0,55,89,1,4895,0,39152,39160,39168,39160
8,1,9,0,89,144,1,12816,0,115336,102528,115352,102528
9,1,10,0,144,233,1,33552,0,335512,268416,335528,268416
10,1,11,0,233,377,1,87841,0,966243,702728,966259,702728
11,1,12,0,377,610,1,229970,0,2759632,1839760,2759648,1839760
12,1,13,0,610,987,1,602070,0,7826902,4816560,7826918,4816560
13,1,14,0,987,1597,1,1576239,0,22067338,12609912,22067354,12609912
14,1,15,0,1597,2584,1,4126648,0,61899712,33013184,61899728,33013184
15,1,16,1,2584,4181,1,10803704,0,172859256,86429632,172859272,86429632
16,1,17,1,4181,6765,1,28284465,0,480835897,226275720,480835913,226275720
17,1,18,1,6765,10946,1,74049690,0,1332894412,592397520,1332894428,592397520
18,1,19,1,10946,17711,1,193864606,0,3683427506,1550916848,3683427522,1550916848
19,2,20,1,17711,28657,1,507544127,1,10150882532,4060353016,10150882548,4060353016
20,2,21,1,28657,46368,1,1328767776,0,27904123288,10630142208,27904123304,10630142208
21,2,22,1,46368,75025,1,3478759200,0,76532702392,27830073600,76532702408,27830073600
22,2,23,1,75025,121393,1,9107509825,0,209472725967,72860078600,209472725983,72860078600
23,2,24,1,121393,196418,1,23843770274,0,572250486568,190750162192,572250486584,190750162192
24,2,25,1,196418,317811,1,62423800998,0,1560595024942,499390407984,1560595024958,499390407984
25,2,26,1,317811,514229,1,163427632719,0,4249118450686,1307421061752,4249118450702,1307421061752
26,2,27,1,514229,832040,1,427859097160,0,11552195623312,3422872777280,11552195623328,3422872777280
27,2,28,1,832040,1346269,1,1120149658760,0,31364190445272,8961197270080,31364190445288,8961197270080
28,2,29,1,1346269,2178309,1,2932589879121,0,85045106494501,23460719032968,85045106494517,23460719032968
29,2,30,1,2178309,3524578,1,7677619978602,0,230328599358052,61420959828816,230328599358068,61420959828816
30,2,31,1,3524578,5702887,1,20100270056686,0,623108371757258,160802160453488,623108371757274,160802160453488
31,2,32,2,5702887,9227465,1,52623190191455,0,1683942086126552,420985521531640,1683942086126568,420985521531640
32,2,33,2,9227465,14930352,1,137769300517680,0,4546386917083432,1102154404141440,4546386917083448,1102154404141440
33,2,34,2,14930352,24157817,1,360684711361584,0,12263280186293848,2885477690892672,12263280186293864,2885477690892672
34,2,35,2,24157817,39088169,1,944284833567073,0,33049969174847547,7554278668536584,33049969174847563,7554278668536584
35,3,36,2,39088169,63245986,1,2472169789339634,1,88998112416226816,19777358314717072,88998112416226832,19777358314717072
36,3,37,2,63245986,102334155,1,6472224534451830,0,239472307774717702,51777796275614640,239472307774717718,51777796275614640
37,3,38,2,102334155,165580141,1,16944503814015855,0,643891144932602482,135556030512126840,643891144932602498,135556030512126840
38,3,39,2,165580141,267914296,1,44361286907595736,0,1730090189396233696,354890295260765888,1730090189396233712,354890295260765888
39,3,40,2,267914296,433494437,1,116139356908771352,0,4645574276350854072,929114855270170816,4645574276350854088,929114855270170816
40,3,41,2,433494437,701408733,1,304056783818718321,0,-5980415937142100463,2432454270549746568,-5980415937142100447,2432454270549746568
41,3,42,2,701408733,1134903170,1,796030994547383610,0,-3460186376428991620,6368247956379068880,-3460186376428991604,6368247956379068880
42,3,43,2,1134903170,1836311903,1,2084036199823432510,0,-2620163776140160158,16672289598587460080,-2620163776140160142,16672289598587460080
43,3,44,2,1836311903,2971215073,1,5456077604922913919,0,259741658384041420,6755132691964208120,259741658384041436,6755132691964208120
44,3,45,2,2971215073,4807526976,1,14284196614945309248,0,-2847194907295390408,3593108477305164288,-2847194907295390392,3593108477305164288
45,3,46,2,4807526976,7778742049,1,503024092493910592,0,4692364181010335608,4024192739951284736,4692364181010335624,4024192739951284736
46,3,47,2,7778742049,12586269025,1,5671619736245974145,0,8311710571627062183,8479469742548689928,8311710571627062199,8479469742548689928
47,3,48,3,12586269025,20365011074,1,16511835116244011842,0,-641909589798151080,2967472413985233424,-641909589798151064,2967472413985233424
48,3,49,3,20365011074,32951280099,1,6970397465066958150,0,-8938661612200531362,422947499407010352,-8938661612200531346,422947499407010352
49,3,50,3,32951280099,53316291173,1,4399357278956862607,0,-1393064936671489050,16748114157945349240,-1393064936671489034,16748114157945349240
50,3,51,3,53316291173,86267571272,1,6227674371803629672,0,4016743708922735792,12927906827009934144,4016743708922735808,12927906827009934144
51,4,52,3,86267571272,139583862445,1,14283665836454026408,1,4880860547227308568,3588862249374901568,4880860547227308584,3588862249374901568
52,4,53,3,139583862445,225851433717,1,18176579063848897937,0,4127998551094906621,16285423994824322184,4127998551094906637,16285423994824322184
53,4,54,3,225851433717,365435296162,1,3352583207673564170,0,-3427947522723050988,8373921587678961744,-3427947522723050972,8373921587678961744
54,4,55,3,365435296162,591286729879,1,10327914632881346190,0,-3813761476522059654,8836340768212563056,-3813761476522059638,8836340768212563056
55,4,56,3,591286729879,956722026041,1,9184416617260922783,0,-2181503497255769408,18135100716958727416,-2181503497255769392,18135100716958727416
56,4,57,3,956722026041,1548008755920,1,17225335218901422160,0,4166671570774827464,8675473235244515968,4166671570774827480,8675473235244515968
57,4,58,3,1548008755920,2504730781961,1,5598100892024240464,0,-7351541589365982184,7891318988774820480,-7351541589365982168,7891318988774820480
58,4,59,3,2504730781961,4052739537881,1,18015711530880850849,0,-6984175953183793645,14998483731079945480,-6984175953183793629,14998483731079945480
59,4,60,3,4052739537881,6557470319842,1,11555545553199208850,0,-7643541609010430416,210644057045912720,-7643541609010430400,210644057045912720
60,4,61,3,6557470319842,10610209857723,1,16650925128716775702,0,1135508797697978934,4080192513767344304,1135508797697978950,4080192513767344304
61,4,62,3,10610209857723,17167680177565,1,1503741685532015023,0,998264134437173338,12029933484256120184,998264134437173354,12029933484256120184
62,4,63,3,17167680177565,27777890035288,1,6307044001588820984,0,-8484597521514413568,13562863865291464640,-8484597521514413552,13562863865291464640
63,4,64,4,27777890035288,44945570212853,1,17417390319234447928,0,7908336008431570424,10211914037908722112,7908336008431570440,10211914037908722112
64,4,65,4,44945570212853,72723460248141,1,9051638808695419569,0,-1939287793503379735,17072878248434701704,-1939287793503379719,17072878248434701704
65,4,66,4,72723460248141,117669030460994,1,9737526106851810778,0,-2959319527614795220,4113232559976279760,-2959319527614795204,4113232559976279760
66,4,67,4,117669030460994,190392490709135,1,1714195438150461150,0,4170629913823587346,13713563505203689200,4170629913823587362,13713563505203689200
67,5,68,4,190392490709135,308061521170129,1,13851804281309124287,1,1138743369833319092,133969808215684600,1138743369833319108,133969808215684600
68,5,69,4,308061521170129,498454011879264,1,2947729258357808480,0,479134015883717336,5135089993152916224,479134015883717352,5135089993152916224
69,5,70,4,498454011879264,806515533049393,1,13438127567473852768,0,-115018036017438664,15271300171243064064,-115018036017438648,15271300171243064064
70,5,71,4,806515533049393,1304969544928657,1,473165296644646593,0,-3298752085649195137,3785322373157172744,-3298752085649195121,3785322373157172744
71,5,72,4,1304969544928657,2111485077978050,1,6428112396169638626,0,1655490681475190664,14531411021938005776,1655490681475190680,14531411021938005776
72,5,73,4,2111485077978050,3416454622906707,1,364427818154717670,0,8156486651584838286,2915422545237741360,8156486651584838302,2915422545237741360
73,5,74,4,3416454622906707,5527939700884757,1,13111915132004065999,0,-7395716138305351730,12661600687484769912,-7395716138305351714,12661600687484769912
74,5,75,4,5527939700884757,8944394323791464,1,2077829430438377096,0,8263254693201869264,16622635443507016768,8263254693201869280,16622635443507016768
75,5,76,4,8944394323791464,14472334024676221,1,11568317233020616904,0,-6251605828491592872,312817495617177152,-6251605828491592856,312817495617177152
76,5,77,4,14472334024676221,23416728348467685,1,14180378194913922001,0,3531220659508448725,2762561117054066312,3531220659508448741,2762561117054066312
77,5,78,4,23416728348467685,37889062373143906,1,12526073278011597482,0,-643720221701632060,7974865855545021776,-643720221701632044,7974865855545021776
78,5,79,4,37889062373143906,61305790721611591,1,4951097565411318830,0,3755082119593603626,2715292375871447408,3755082119593603642,2715292375871447408
79,5,80,5,61305790721611591,99194853094755497,1,2327219418222359007,0,1710112720693204392,171011272069320440,1710112720693204408,171011272069320440
80,5,81,5,99194853094755497,160500643816367088,1,2030560689255758192,0,-1545280833669551000,16244485514046065536,-1545280833669550984,16244485514046065536
81,5,82,5,160500643816367088,259695496911122585,1,3764462649544915568,0,-4908711990379300904,11668957122649772928,-4908711990379300888,11668957122649772928
82,5,83,5,259695496911122585,420196140727489673,1,9262827259378988513,0,-5948588567345121301,315641780193701640,-5948588567345121285,315641780193701640
83,6,84,5,420196140727489673,679891637638612258,1,5577275054882498354,1,7322502767391071328,7724712291640883600,7322502767391071344,7724712291640883600
84,6,85,5,679891637638612258,1100087778366101931,1,7468997905268506550,0,7675523441698301798,4411751021019397552,7675523441698301814,4411751021019397552
85,6,86,5,1100087778366101931,1779979416004714189,1,16829718660923021295,0,8509767090034805314,5510540771417309048,8509767090034805330,5510540771417309048
86,6,87,5,1779979416004714189,2880067194370816120,1,6126669930081454104,0,-1935294220490489824,12119871293232529600,-1935294220490489808,12119871293232529600
87,6,88,5,2880067194370816120,4660046610375530309,1,1550291129321341016,0,7298410864311148088,12402329034570728128,7298410864311148104,12402329034570728128
88,6,89,5,4660046610375530309,7540113804746346429,1,16970947531592120561,0,-2218683732484502591,6640371736770103176,-2218683732484502575,6640371736770103176
89,6,90,5,7540113804746346429,12200160415121876738,1,12469063318035917434,0,-3035689873050079524,7518786175739581392,-3035689873050079508,7518786175739581392
90,6,91,5,12200160415121876738,1293530146158671551,1,1989498348806080126,0,-3423090995742224702,15915986790448641008,-3423090995742224686,15915986790448641008
91,6,92,5,1293530146158671551,13493690561280548289,1,11946175802091874559,0,-7756470630120637540,3335686048187238392,-7756470630120637524,3335686048187238392
92,6,93,5,13493690561280548289,14787220707439219840,1,15402284983759991936,0,-6433534259665776008,12537815427822625792,-6433534259665775992,12537815427822625792
93,6,94,5,14787220707439219840,9834167195010216513,1,15813935075478549632,0,-7676372875490015496,15831016161571087360,-7676372875490015480,15831016161571087360
94,6,95,5,9834167195010216513,6174643828739884737,1,13592776168966105345,0,41650892111394647,16508488983181084680,41650892111394663,16508488983181084680
95,6,96,6,6174643828739884737,16008811023750101250,1,6517649357710214786,0,-1494960165944135496,15247706714262615056,-1494960165944135480,15247706714262615056
96,6,97,6,16008811023750101250,3736710778780434371,1,5960171904164539014,0,6287608418964184254,10787887085897208880,6287608418964184270,10787887085897208880
97,6,98,6,3736710778780434371,1298777728820984005,1,11362866354783402255,0,6756258346200324022,17115954543429011576,6756258346200324038,17115954543429011576
98,6,99,6,1298777728820984005,5035488507601418376,1,9681683086476116136,0,-744066271761186576,3666488396970722624,-744066271761186560,3666488396970722624
99,7,100,6,5035488507601418376,6334266236422402381,1,17682182904644946152,1,-2669140611622339944,12330254721192707904,-2669140611622339928,12330254721192707904
100,7,101,6,6334266236422402381,11369754744023820757,1,6471377480039619089,0,7973082904167221421,14877531692897849480,7973082904167221437,14877531692897849480
101,7,102,6,11369754744023820757,17704020980446223138,1,1731949535473911114,0,-7808588118756582540,13855596283791288912,-7808588118756582524,13855596283791288912
102,7,103,6,17704020980446223138,10627031650760492279,1,17171215200091665870,0,-2252265466675370534,8242513084766465648,-2252265466675370518,8242513084766465648
103,7,104,6,10627031650760492279,9884308557497163801,1,12888207917381983263,0,-6238693973071008624,10871942970508108024,-6238693973071008608,10871942970508108024
104,7,105,6,9884308557497163801,2064596134548104464,1,3046664478344732304,0,6305120973134514440,5926571753048306816,6305120973134514456,5926571753048306816
105,7,106,6,2064596134548104464,11948904692045268265,1,14698529591361765264,0,8517634492744782232,6907772288636812416,8517634492744782248,6907772288636812416
106,7,107,6,11948904692045268265,14013500826593372729,1,4155436148321460257,0,1909810101367008707,14796745112862130440,1909810101367008723,14796745112862130440
107,7,108,6,14013500826593372729,7515661444929089378,1,16214522927312167122,0,-1272210852693354352,588974902530475664,-1272210852693354336,588974902530475664
108,7,109,6,7515661444929089378,3082418197812910491,1,7594644486195937878,0,-2287234321572594026,5416923668438848176,-2287234321572594010,5416923668438848176
109,7,110,6,3082418197812910491,10598079642741999869,1,6569410531275646511,0,3212139565648603178,15661796102786068856,3212139565648603194,15661796102786068856
110,7,111,6,10598079642741999869,13680497840554910360,1,12113587107631001656,0,-2004148433756084160,4674976492500255168,-2004148433756084144,4674976492500255168
111,7,112,7,13680497840554910360,5831833409587358613,1,11324606717907806840,0,-4469388680284695432,16809877448424248256,-4469388680284695416,16809877448424248256
112,7,113,7,5831833409587358613,1065587176432717357,1,3413488972382867249,0,-1657371668636584807,8861167705353386376,-1657371668636584791,8861167705353386376
113,7,114,7,1065587176432717357,6897420586020075970,1,17362604272950346522,0,5535271229417480588,9773625667635910864,5535271229417480604,9773625667635910864
114,7,115,7,6897420586020075970,7963007762452793327,1,11780835699049069086,0,8183788009845676914,2012965223844794608,8183788009845676930,2012965223844794608
115,8,116,7,7963007762452793327,14860428348472869297,1,17979902824196860735,1,1186647277656512644,14712014077608024568,1186647277656512660,14712014077608024568
116,8,117,7,14860428348472869297,4376692037216111008,1,5265384626122409888,0,7307446823906753560,5229588861560175872,7307446823906753576,5229588861560175872
117,8,118,7,4376692037216111008,790376311979428689,1,16262995127879920544,0,572041424037256120,976752507072503040,572041424037256136,976752507072503040
118,8,119,7,790376311979428689,5167068349195539697,1,6630112610098248513,0,-4226594567819146449,16147412733366884872,-4226594567819146433,16147412733366884872
119,8,120,7,5167068349195539697,5957444661174968386,1,3627342702414824994,0,-7440733479250239512,10571997545609048336,-7440733479250239496,10571997545609048336
120,8,121,7,5957444661174968386,11124513010370508083,1,4251915497146226470,0,-2027058909174042386,15568579903460260144,-2027058909174042370,15568579903460260144
121,8,122,7,11124513010370508083,17081957671545476469,1,9128403789023854415,0,6860617838337141662,17686998091062180472,6860617838337141678,17686998091062180472
122,8,123,7,17081957671545476469,9759726608206432936,1,4686551796215785160,0,4596804649545474576,598926222307178048,4596804649545474592,598926222307178048
123,8,124,7,9759726608206432936,8394940206042357789,1,4931251599623501064,0,2732643920898928600,2556524649568905280,2732643920898928616,2556524649568905280
124,8,125,7,8394940206042357789,18154666814248790725,1,10107203002654718033,0,9021778319590244229,7070647726399537800,9021778319590244245,7070647726399537800
125,8,126,7,18154666814248790725,8102862946581596898,1,6943613334631101418,0,7898308699169852708,208674455920156496,7898308699169852724,208674455920156496
126,8,127,7,8102862946581596898,7810785687120836007,1,10723637001238586222,0,-3157162297206369398,12002119715070483312,-3157162297206369382,12002119715070483312
127,8,128,8,7810785687120836007,15913648633702432905,1,6780553595375105631,0,913888743664594808,17350940615581741816,913888743664594824,17350940615581741816
128,8,129,8,15913648633702432905,5277690247113717296,1,9618023784886730672,0,4793215311848298408,3157213984255638912,4793215311848298424,3157213984255638912
129,8,130,8,5277690247113717296,2744594807106598585,1,3626773685575534768,0,-8134766791628822184,10567445410894726528,-8134766791628822168,10567445410894726528
130,8,131,8,2744594807106598585,8022285054220315881,1,1262297271839873633,0,-659754052362518629,10098378174718989064,-659754052362518613,10098378174718989064
131,9,132,8,8022285054220315881,10766879861326914466,1,160118129944086130,1,2688849078909817536,1280945039552689040,2688849078909817552,1280945039552689040
132,9,133,8,10766879861326914466,342420841837678731,1,17664801191701936374,0,6682061135244482502,12191201017648629680,6682061135244482518,12191201017648629680
133,9,134,8,342420841837678731,11109300703164593197,1,15940797297742619759,0,-3755474652796939758,16845913939683648376,-3755474652796939742,16845913939683648376
134,9,135,8,11109300703164593197,11451721545002271928,1,11710846627816371288,0,-5455695583811315104,1453052653983212224,-5455695583811315088,1453052653983212224
135,9,136,8,11451721545002271928,4114278174457313509,1,744998511996942488,0,9086077263036420280,5959988095975539904,9086077263036420296,5959988095975539904
136,9,137,8,4114278174457313509,15565999719459585437,1,8970892981884007793,0,-6919514420430890639,16426911633943407496,-6919514420430890623,16426911633943407496
137,9,138,8,15565999719459585437,1233533820207347330,1,7720936359945529274,0,-4421938602670953924,6427258658435579344,-4421938602670953908,6427258658435579344
138,9,139,8,1233533820207347330,16799533539666932767,1,14191916097952580030,0,-1125278271513398750,2854864341363330544,-1125278271513398734,2854864341363330544
139,9,140,8,16799533539666932767,18033067359874280097,1,16408067860202659199,0,-8713508785321664148,2137334365654412280,-8713508785321664132,2137334365654412280
140,9,141,8,18033067359874280097,16385856825831661248,1,16585543408945845952,0,-4174876699748776008,3557138755599906304,-4174876699748775992,3557138755599906304
141,9,142,8,16385856825831661248,15972180111996389729,1,14901818292925327040,0,-5317370881201996168,8534081901145306624,-5317370881201996152,8534081901145306624
142,9,143,8,15972180111996389729,13911292864118499361,1,9673167396120583553,0,-242867882972923129,3598362874126461960,-242867882972923113,3598362874126461960
143,9,144,9,13911292864118499361,11436728902405337474,1,14117683895436423618,0,3804632834794323224,2261006721234079248,3804632834794323240,2261006721234079248
144,9,145,9,11436728902405337474,6901277692814285219,1,14233140216479135686,0,-2230004865995106530,3184657289575775792,-2230004865995106514,3184657289575775792
145,9,146,9,6901277692814285219,18338006595219622693,1,10134992680291431823,0,3969405425784916870,7292965147493248120,3969405425784916886,7292965147493248120
146,9,147,9,18338006595219622693,6792540214324356296,1,16171837824395159784,0,-2369825322443670224,247494079194416960,-2369825322443670208,247494079194416960
147,10,148,9,6792540214324356296,6683802735834427373,1,1487032645474944296,1,-1280097354222863592,11896261163799554368,-1280097354222863576,11896261163799554368
148,10,149,9,6683802735834427373,13476342950158783669,1,6736004185739224721,0,7540443694828696157,16994545338494694536,7540443694828696173,16994545338494694536
149,10,150,9,13476342950158783669,1713401612283659426,1,274235838033178250,0,4241887557557634260,2193886704265426000,4241887557557634276,2193886704265426000
150,10,151,9,1713401612283659426,15189744562442443095,1,12533447402069861646,0,-7464081879534707910,8033858848011135088,-7464081879534707894,8033858848011135088
151,10,152,9,15189744562442443095,16903146174726102521,1,432618220757303455,0,-8029006739728081312,3460945766058427640,-8029006739728081296,3460945766058427640
152,10,153,9,16903146174726102521,13646146663458994000,1,7211151333911600336,0,-3498490334098245560,2348978450164147840,-3498490334098245544,2348978450164147840
153,10,154,9,13646146663458994000,12102548764475544905,1,2754091707267945936,0,-144990776056013032,3585989584434015872,-144990776056013016,3585989584434015872
154,10,155,9,12102548764475544905,7301951354224987289,1,1051123787892237473,0,-3096509540089156237,8408990303137899784,-3096509540089156221,8408990303137899784
155,10,156,9,7301951354224987289,957756044990980578,1,399279656408766482,0,6947394178638916336,3194237251270131856,6947394178638916352,3194237251270131856
156,10,157,9,957756044990980578,8259707399215967867,1,146715181334061974,0,4587539395738178294,1173721450672495792,4587539395738178310,1173721450672495792
157,10,158,9,8259707399215967867,9217463444206948445,1,40865887593419439,0,6456810239760271354,326927100747355512,6456810239760271370,326927100747355512
158,10,159,9,9217463444206948445,17477170843422916312,1,18422626555155747960,0,-3834685450054781312,18253803925279122368,-3834685450054781296,18253803925279122368
159,10,160,10,17477170843422916312,8247890213920313141,1,18333525630454721208,0,331793152936686328,17540996527670908352,331793152936686344,17540996527670908352
160,10,161,10,8247890213920313141,7278316983633677837,1,18131206262498864049,0,4538644616207956553,15922441584024051080,4538644616207956569,15922441584024051080
161,10,162,10,7278316983633677837,15526207197553990978,1,17613349083332319322,0,-5882779925144770324,11779584150691693264,-5882779925144770308,11779584150691693264
162,10,163,10,15526207197553990978,4357780107478117199,1,16262096913788542302,0,-5609349666643037486,969566794341477104,-5609349666643037470,969566794341477104
163,11,164,10,4357780107478117199,1437243231322556561,1,12726197584323755967,1,2614323499916645972,9575860306042289656,2614323499916645988,9575860306042289656
164,11,165,10,1437243231322556561,5795023338800673760,1,3469751765473173984,0,659975018077607256,9311270050075840256,659975018077607272,9311270050075840256
165,11,166,10,5795023338800673760,7232266570123230321,1,16129801785805317600,0,2769205755797737272,18357949844185231104,2769205755797737288,18357949844185231104
166,11,167,10,7232266570123230321,13027289908923904081,1,8026165444523675585,0,-6242688145343445281,8869091335060749832,-6242688145343445265,8869091335060749832
167,11,168,10,13027289908923904081,1812812405337582786,1,7948694547765709154,0,7215110717551421512,8249324160997018384,7215110717551421528,8249324160997018384
168,11,169,10,1812812405337582786,14840102314261486867,1,15819918198773451878,0,-1211715095171616946,15878881147930305328,-1211715095171616930,15878881147930305328
169,11,170,10,14840102314261486867,16652914719599069653,1,2617571901135543247,0,2265365424013113198,2493831135374794360,2265365424013113214,2493831135374794360
170,11,171,10,16652914719599069653,13046272960151004904,1,10479541578342729480,0,2667434746780234320,10049356331903629376,2667434746780234336,10049356331903629376
171,11,172,10,13046272960151004904,11252443606040522941,1,10374308760183093576,0,-4953068398334411688,9207493786626542144,-4953068398334411672,9207493786626542144
172,11,173,10,11252443606040522941,5851972492481976229,1,2196640628496999633,0,-7362796817919647435,17573125027975997064,-7362796817919647419,17573125027975997064
173,11,174,10,5851972492481976229,17104416098522499170,1,14662357199017456938,0,5599470457119384196,6618393149882345808,5599470457119384212,6618393149882345808
174,11,175,10,17104416098522499170,4509644517294923783,1,4896942821136267950,0,8414766308207516906,2282054421671040368,8414766308207516922,2282054421671040368
175,11,176,11,4509644517294923783,3167316542107871337,1,28471264391346911,0,5010942532877056328,227770115130775288,5010942532877056344,227770115130775288
176,11,177,11,3167316542107871337,7676961059402795120,1,13635215045747324400,0,-3090410558674842904,16847999997430837120,-3090410558674842888,16847999997430837120
177,11,178,11,7676961059402795120,10844277601510666457,1,3983685725431523056,0,8119784325848142552,13422741729742632832,8119784325848142568,13422741729742632832
178,11,179,11,10844277601510666457,74494587203909961,1,16762586204256796385,0,-6316353452690360501,4973481118087509768,-6316353452690360485,4973481118087509768
179,12,180,11,74494587203909961,10918772188714576418,1,9410584739919762866,1,-3195201595721432800,1497701624519896464,-3195201595721432784,1497701624519896464
180,12,181,11,10918772188714576418,10993266775918486379,1,11469168015502492214,0,-8562669523228241882,17966367829181731248,-8562669523228241866,17966367829181731248
181,12,182,11,10993266775918486379,3465294890923511181,1,6550175232878162159,0,-6906472407295342110,15507913715606194040,-6906472407295342094,15507913715606194040
182,12,183,11,3465294890923511181,14458561666841997560,1,8181357683131994264,0,3002186042681269408,10110629243927299264,3002186042681269424,10110629243927299264
183,12,184,11,14458561666841997560,17923856557765508741,1,17993897816517820632,0,8910009045269257016,14823974016175703744,8910009045269257032,14823974016175703744
184,12,185,11,17923856557765508741,13935674150897954685,1,8906847619002364401,0,6006586955287320353,15914548730890260360,6006586955287320369,15914548730890260360
185,12,186,11,13935674150897954685,13412786634953911810,1,8726645040489272570,0,-157500955435844196,14472928102785525712,-157500955435844180,14472928102785525712
186,12,187,11,13412786634953911810,8901716712142314879,1,17273087502465453310,0,1887150061868236162,9057491503756765168,1887150061868236178,9057491503756765168
187,12,188,11,8901716712142314879,3867759273386675073,1,6199129319487984127,0,3291435420039264060,12699546408484769784,3291435420039264076,12699546408484769784
188,12,189,11,3867759273386675073,12769475985528989952,1,1324300455998499072,0,-7961630848217398024,10594403647987992576,-7961630848217398008,10594403647987992576
189,12,190,11,12769475985528989952,16637235258915665025,1,16220516122217064704,0,1291802911747173880,636920461769656320,1291802911747173896,636920461769656320
190,12,191,11,16637235258915665025,10959967170735103361,1,10443759763233591809,0,2509754816984460983,9763101811030528008,2509754816984460999,9763101811030528008
191,12,192,12,10959967170735103361,9150458355941216770,1,15110763167483710722,0,5127708584472854904,10205640897612376080,5127708584472854920,10205640897612376080
192,12,193,12,9150458355941216770,1663681452966768515,1,16441785665507988742,0,424652764998949246,2407076808097048624,424652764998949262,2407076808097048624
193,12,194,12,1663681452966768515,10814139808907985285,1,15767849755330703887,0,-3196663701629014186,15462333600388321400,-3196663701629014170,15462333600388321400
194,12,195,12,10814139808907985285,12477821261874753800,1,12415019526774571304,0,4405334065090142576,7086435845648812352,4405334065090142592,7086435845648812352
195,13,196,12,12477821261874753800,4845216997073187469,1,3030464751283458408,1,3675280892852196248,5796973936558115648,3675280892852196264,5796973936558115648
196,13,197,12,4845216997073187469,17323038258947941269,1,15123118800785355537,0,-9118136186232321011,10304485964025534600,-9118136186232320995,10304485964025534600
197,13,198,12,17323038258947941269,3721511182311577122,1,5445403503653504970,0,8278737448239990324,6669739881808936528,8278737448239990340,6669739881808936528
198,13,199,12,3721511182311577122,2597805367549966775,1,1213091710175159374,0,1597577366632544410,9704733681401274992,1597577366632544426,9704733681401274992
199,13,200,12,2597805367549966775,6319316549861543897,1,16640615700581524767,0,7709206848585662512,3997717088685336824,7709206848585662528,3997717088685336824
200,13,201,12,6319316549861543897,8917121917411510672,1,11815267244150311696,0,-4761269434319507576,2288417584654735488,-4761269434319507560,2288417584654735488
201,13,202,12,8917121917411510672,15236438467273054569,1,358441958159858704,0,-1381700746546748264,2867535665278869632,-1381700746546748248,2867535665278869632
202,13,203,12,15236438467273054569,5706816310975013625,1,7706802704038816033,0,-3492297345432232669,6314189411181873416,-3492297345432232653,6314189411181873416
203,13,204,12,5706816310975013625,2496510704538516578,1,4315222080247037778,0,-5138411167662770864,16075032568266750608,-5138411167662770848,16075032568266750608
204,13,205,12,2496510704538516578,8203327015513530203,1,5238863536702297302,0,4055868748816953174,5017420146199275184,4055868748816953190,5017420146199275184
205,13,206,12,8203327015513530203,10699837720052046781,1,11401368529859854127,0,5945419790016894922,17423971944040626552,5945419790016894938,17423971944040626552
206,13,207,12,10699837720052046781,456420661856025368,1,10518497979167713464,0,613280989989596352,10361007538503501248,613280989989596368,10361007538503501248
207,13,208,13,456420661856025368,11156258381908072149,1,1707381333933734648,0,4647180057735326072,13659050671469877184,4647180057735326088,13659050671469877184
208,13,209,13,11156258381908072149,11612679043764097517,1,13050390096343042097,0,-2586592773317840903,12169400402196578696,-2586592773317840887,12169400402196578696
209,13,210,13,11612679043764097517,4322193351962618050,1,550300807676288410,0,4882705169763256396,4402406461410307280,4882705169763256412,4402406461410307280
210,13,211,13,4322193351962618050,15934872395726715567,1,7047256400395374750,0,-7215169487049608654,1037818982034343152,-7215169487049608638,1037818982034343152
211,14,212,13,15934872395726715567,1810321673979782001,1,2144724319800284223,1,-6487046045078535132,17157794558402273784,-6487046045078535116,17157794558402273784
212,14,213,13,1810321673979782001,17745194069706497568,1,17833660632715029536,0,-1459564415866341736,13542076545753374976,-1459564415866341720,13542076545753374976
213,14,214,13,17745194069706497568,1108771669976727953,1,14462769430925701152,0,-4020346165104624968,5021691005148299520,-4020346165104624952,5021691005148299520
214,14,215,13,1108771669976727953,407221665973673905,1,7107903586352522305,0,-2880487052100488561,1522996469691523592,-2880487052100488545,1522996469691523592
215,14,216,13,407221665973673905,1515993335950401858,1,6860941328131865762,0,6223800979718875304,17994042477635822864,6223800979718875320,17994042477635822864
216,14,217,13,1515993335950401858,1923215001924075763,1,13474920398043074982,0,-8974581344471435858,15565642815796841776,-8974581344471435842,15565642815796841776
217,14,218,13,1923215001924075763,3439208337874477621,1,15117075792287807567,0,-6444666475267689666,10256141896045150840,-6444666475267689650,10256141896045150840
218,14,219,13,3439208337874477621,5362423339798553384,1,13429562905110796104,0,8041968499445639824,15202782872338610752,8041968499445639840,15202782872338610752
219,14,220,13,5362423339798553384,8801631677673031005,1,6724868849335029128,0,3731620956942278872,16905462647261129792,3731620956942278888,16905462647261129792
220,14,221,13,8801631677673031005,14164055017471584389,1,6745043642894291281,0,-3531624890835307803,17066860995735227016,-3531624890835307787,17066860995735227016
221,14,222,13,14164055017471584389,4518942621435063778,1,13510262079347844714,0,-7541102399435386908,15848376266234999632,-7541102399435386892,15848376266234999632
222,14,223,13,4518942621435063778,236253565197096551,1,15338998521439691246,0,7949016644784098890,12031523729260220272,7949016644784098906,12031523729260220272
223,14,224,14,236253565197096551,4755196186632160329,1,14059989411261677407,0,-4955608481717587176,1799450847836109560,-4955608481717587160,1799450847836109560
224,14,225,14,4755196186632160329,4991449751829256880,1,8394225638635789360,0,7132873174678341160,11813572887957660032,7132873174678341176,11813572887957660032
225,14,226,14,4991449751829256880,9746645938461417209,1,11122687504645690672,0,4970182025427072088,15194523742327318912,4970182025427072104,15194523742327318912
226,14,227,14,9746645938461417209,14738095690290674089,1,6527092801591731041,0,5910540064558817019,15323254265314745096,5910540064558817035,15323254265314745096
227,15,228,14,14738095690290674089,6037997555042539682,1,8458590900129502450,1,-8349402509976361088,12328494979907364752,-8349402509976361072,12328494979907364752
228,15,229,14,6037997555042539682,2329349171623662155,1,401935825087224694,0,-190416423573303162,3215486600697797552,-190416423573303146,3215486600697797552
229,15,230,14,2329349171623662155,8367346726666201837,1,11193960648841723247,0,-7933221085740879438,15764708895895579512,-7933221085740879422,15764708895895579512
230,15,231,14,8367346726666201837,10696695898289863992,1,14733202047728393432,0,9168763462701385440,7185151939569837760,9168763462701385456,7185151939569837760
231,15,232,14,10696695898289863992,617298551246514213,1,14558901420633905432,0,1910964098218114488,5790746922813933760,1910964098218114504,5790746922813933760
232,15,233,14,617298551246514213,11313994449536378205,1,10496758140463771249,0,-7672315075311663919,10187088828871963528,-7672315075311663903,10187088828871963528
233,15,234,14,11313994449536378205,11931293000782892418,1,16931373000757408314,0,-4108693670320051972,6323775490092405200,-4108693670320051956,6323775490092405200
234,15,235,14,11931293000782892418,4798543376609719007,1,3403872714389350462,0,6700092711986639074,8784237641405252080,6700092711986639090,8784237641405252080
235,15,236,14,4798543376609719007,16729836377392611425,1,11726989216120194687,0,557843947933203724,1582193360413799416,557843947933203740,1582193360413799416
236,15,237,14,16729836377392611425,3081635680292778816,1,13330350860261681984,0,4899917277685303864,14409086513545697792,4899917277685303880,14409086513545697792
237,15,238,14,3081635680292778816,1364727983975838625,1,9817319290955299648,0,-6214506113751739016,4751578032804190720,-6214506113751739000,4751578032804190720
238,15,239,14,1364727983975838625,4446363664268617441,1,16121607012604216961,0,-2305435392888434073,18292391658576425992,-2305435392888434057,18292391658576425992
239,15,240,15,4446363664268617441,5811091648244456066,1,1654013599438248002,0,-8865105756430615080,13232108795505984016,-8865105756430615064,13232108795505984016
240,15,241,15,5811091648244456066,10257455312513073507,1,7287177859420078662,0,3769177117831554014,2957190654231974448,3769177117831554030,2957190654231974448
241,15,242,15,10257455312513073507,16068546960757529573,1,1760775905112436367,0,1832655341889913638,14086207240899490936,1832655341889913654,14086207240899490936
242,15,243,15,16068546960757529573,7879258199561051464,1,16441893929626782056,0,-7563239095664661072,2407942921047395136,-7563239095664661056,2407942921047395136
243,16,244,15,7879258199561051464,5501061086609029421,1,10671417736348806568,1,2835013276062024728,11584365595952246080,2835013276062024744,11584365595952246080
244,16,245,15,5501061086609029421,13380319286170080885,1,15572359279419637649,0,-3247999800065960515,13898409793099791496,-3247999800065960499,13898409793099791496
245,16,246,15,13380319286170080885,434636299069558690,1,17598916028200554762,0,-5651514384408158316,11664119709637576784,-5651514384408158300,11664119709637576784
246,16,247,15,434636299069558690,13814955585239639575,1,330900657762923406,0,7945486172603874810,2647205262103387248,7945486172603874826,2647205262103387248
247,16,248,15,13814955585239639575,14249591884309198265,1,1840530018797767071,0,-4717157180892556800,14724240150382136568,-4717157180892556784,14724240150382136568
248,16,249,15,14249591884309198265,9617803395839286224,1,5190689398630377808,0,1209575099295461064,4632027041623919232,1209575099295461080,4632027041623919232
249,16,250,15,9617803395839286224,5420651206438932873,1,13731538177093366352,0,1790146563364987416,17618585048199172736,1790146563364987432,17618585048199172736
250,16,251,15,5420651206438932873,15038454602278219097,1,17557181058940169633,0,-1919387822600258349,11330239955554495752,-1919387822600258333,11330239955554495752
251,16,252,15,15038454602278219097,2012361735007600354,1,2046516852308039314,0,-786587282241538128,16372134818464314512,-786587282241538112,16372134818464314512
252,16,253,15,2012361735007600354,17050816337285819451,1,7029113571693499926,0,7478302562338526134,892676352419344560,7478302562338526150,892676352419344560
253,16,254,15,17050816337285819451,616433998583868189,1,594079789062908847,0,3322313832302434202,4752638312503270776,3322313832302434218,4752638312503270776
254,16,255,15,616433998583868189,17667250335869687640,1,13199869869204778232,0,8659395232080055040,13365238585090467776,8659395232080055056,13365238585090467776
255,16,256,16,17667250335869687640,18283684334453555829,1,2112041671132322616,0,5727089672297592824,16896333369058580928,5727089672297592840,16896333369058580928
256,16,257,16,18283684334453555829,17504190596613691853,1,11582999217901741233,0,6905003133509686697,430273374666171784,6905003133509686713,430273374666171784
257,16,258,16,17504190596613691853,17341130857357696066,1,14190211908863349466,0,8619345892252942252,2841230828649486032,8619345892252942268,2841230828649486032
258,16,259,16,17341130857357696066,16398577380261836303,1,12540892434978755550,0,1464183686616603026,8093419111282286320,1464183686616603042,8093419111282286320
259,17,260,16,16398577380261836303,15292964163909980753,1,4985721322363365567,1,5015458654806434292,2992282431487821304,5015458654806434308,2992282431487821304
260,17,261,16,15292964163909980753,13244797470462265440,1,2416271532111341152,0,3457571374935285720,883428183181177600,3457571374935285736,883428183181177600
261,17,262,16,13244797470462265440,10091017560662694577,1,2263093273970657888,0,2634627421606714936,18104746191765263104,2634627421606714952,18104746191765263104
262,17,263,16,10091017560662694577,4889070957415408401,1,4373008289800632513,0,6403047647574150719,16537322244695508488,6403047647574150735,16537322244695508488
263,17,264,16,4889070957415408401,14980088518078102978,1,10855931595431239650,0,6720609768866767112,13060476468611710736,6720609768866767128,13060476468611710736
264,17,265,16,14980088518078102978,1422415401783959763,1,9748042422783534822,0,687071718299501582,4197363087430072112,687071718299501598,4197363087430072112
265,17,266,16,1422415401783959763,16402503919862062741,1,18388195672919364815,0,2872869463519862542,17978356867388057208,2872869463519862558,17978356867388057208
266,17,267,16,16402503919862062741,17824919321646022504,1,8523056448555456392,0,6706550698032007888,12844219367314996288,6706550698032007904,12844219367314996288
267,17,268,16,17824919321646022504,15780679167798533629,1,7180973672747004360,0,6039560630403800408,2107557160847380032,6039560630403800424,2107557160847380032
268,17,269,16,15780679167798533629,15158854415735004517,1,13019864569685556689,0,-2537804759400057707,11925196188936695432,-2537804759400057691,11925196188936695432
269,17,270,16,15158854415735004517,12492789509823986530,1,13431875962600114090,0,-7402072618750864060,15221287332253154640,-7402072618750864044,15221287332253154640
270,17,271,16,12492789509823986530,9204899851849439431,1,8829019244405233966,0,-5412514348423305302,15291921734113216880,-5412514348423305286,15291921734113216880
271,17,272,17,9204899851849439431,3250945287963874345,1,13055181770615587807,0,-9212164618503578392,12207733796376944376,-9212164618503578376,12207733796376944376
272,17,273,17,3250945287963874345,12455845139813313776,1,11889781993731977840,0,-716472684051134104,2884535581308064640,-716472684051134088,2884535581308064640
273,17,274,17,12455845139813313776,15706790427777188121,1,4167420136870794096,0,-1825015067394617896,14892617021256801152,-1825015067394617880,14892617021256801152
274,17,275,17,15706790427777188121,9715891493880950281,1,612478416880404449,0,2410867978725258923,4899827335043235592,2410867978725258939,4899827335043235592
275,18,276,17,9715891493880950281,6975937847948586786,1,16116759187479970866,1,2560213980470019552,18253609057582457232,2560213980470019568,18253609057582457232
276,18,277,17,6975937847948586786,16691829341829537067,1,10844310998140404918,0,-2945137529764751130,12967511690285032880,-2945137529764751114,12967511690285032880
277,18,278,17,16691829341829537067,5221023116068572237,1,16416173806941243887,0,7350532123406551426,2202181939563089784,7350532123406551442,2202181939563089784
278,18,279,17,5221023116068572237,3466108384188557688,1,1510722275264223512,0,-2783598896601327328,12085778202113788096,-2783598896601327312,12085778202113788096
279,18,280,17,3466108384188557688,8687131500257129925,1,6562737092560978264,0,-7108021453881247688,15608408593068722880,-7108021453881247672,15608408593068722880
280,18,281,17,8687131500257129925,12153239884445687613,1,18177489002418711281,0,-1873698737887927679,16292703503382828936,-1873698737887927663,16292703503382828936
281,18,282,17,12153239884445687613,2393627310993265922,1,11076241767276052346,0,6000429914932538460,14822957843370212304,6000429914932538476,14822957843370212304
282,18,283,17,2393627310993265922,14546867195438953535,1,15051236299409445758,0,-1698008294033273790,9729425953018256368,-1698008294033273774,9729425953018256368
283,18,284,17,14546867195438953535,16940494506432219457,1,15630723057242733311,0,-6539973507065679140,14365320015684556792,-6539973507065679124,14365320015684556792
284,18,285,17,16940494506432219457,13040617628161621376,1,13394188798609202560,0,-1132215654254454920,14919790020325862400,-1132215654254454904,14919790020325862400
285,18,286,17,13040617628161621376,11534368060884289217,1,6105099264875322752,0,-6382297248065096456,11947305971583478784,-6382297248065096440,11947305971583478784
286,18,287,17,11534368060884289217,6128241615336358977,1,4921108996016765697,0,-8041011818823719401,2475383820715022344,-8041011818823719385,2475383820715022344
287,18,288,18,6128241615336358977,17662609676220648194,1,8658227723174974338,0,3259134323603141176,13925589564271139856,3259134323603141192,13925589564271139856
288,18,289,18,17662609676220648194,5344107217847455555,1,2606830099798605702,0,-2942608180294568386,2407896724679294000,-2942608180294568370,2407896724679294000
289,18,290,18,5344107217847455555,4559972820358552133,1,17609006649930394383,0,-3136179937731426570,11744844683476293752,-3136179937731426554,11744844683476293752
290,18,291,18,4559972820358552133,9904080038206007688,1,13326701702573474216,0,4253939969875157488,14379893252040035648,4253939969875157504,14379893252040035648
291,19,292,18,9904080038206007688,14464052858564559821,1,3924354384080476648,1,2213347581506981016,12948090998934261568,2213347581506981032,12948090998934261568
292,19,293,18,14464052858564559821,5921388823061015893,1,16893105523377507345,0,5952506595449818989,6017635671053197448,5952506595449819005,6017635671053197448
293,19,294,18,5921388823061015893,1938697607916024098,1,9861474038632942154,0,3134547785685389556,5104816014225330768,3134547785685389572,5104816014225330768
294,19,295,18,1938697607916024098,7860086430977039991,1,12691316592521319118,0,-750652169249838246,9296812371622794864,-750652169249838230,9296812371622794864
295,19,296,18,7860086430977039991,9798784038893064089,1,9765731665221463583,0,-5482246666846383152,4338877026933502200,-5482246666846383136,4338877026933502200
296,19,297,18,9798784038893064089,17658870469870104080,1,16605878403143071632,0,6665218053041993224,3719818709177711744,6665218053041993240,3719818709177711744
297,19,298,18,17658870469870104080,9010910435053616553,1,3158415396788648080,0,423840483829995416,6820579100599633024,423840483829995432,6820579100599633024
298,19,299,18,9010910435053616553,8223036831214169017,1,11316111860932424225,0,7763280929946897539,16741918592621187336,7763280929946897555,16741918592621187336
299,19,300,18,8223036831214169017,17233947266267785570,1,12343176112299072978,0,-4842725125897981424,6511688529844825744,-4842725125897981408,6511688529844825744
300,19,301,18,17233947266267785570,7010240023772402971,1,7266672402255243094,0,-7894151692608471018,2793146996913289904,-7894151692608471002,2793146996913289904
301,19,302,18,7010240023772402971,5797443216330636925,1,9456841094466656303,0,-3279320896050296982,1867752460895043960,-3279320896050296966,1867752460895043960
302,19,303,18,5797443216330636925,12807683240103039896,1,2657106807435174200,0,-6553376590362488512,2810110385771841984,-6553376590362488496,2810110385771841984
303,19,304,19,12807683240103039896,158382382724125205,1,16961223401548417912,0,-8876426567955407240,6562578696420481984,-8876426567955407224,6562578696420481984
304,19,305,19,158382382724125205,12966065622827165101,1,11333075249790976305,0,7046809402561620825,16877625703489603976,7046809402561620841,16877625703489603976
305,19,306,19,12966065622827165101,13124448005551290306,1,17038002347824511002,0,-6799854425502740724,7176810266629226704,-6799854425502740708,7176810266629226704
306,19,307,19,13124448005551290306,7643769554668903791,1,2887443646263453470,0,1001483864821737714,4652805096398076144,1001483864821737730,4652805096398076144
307,20,308,19,7643769554668903791,2321473486510642481,1,10071072664675401023,1,2837376336818843588,6781605022565001720,2837376336818843604,6781605022565001720
308,20,309,19,2321473486510642481,9965243041179546272,1,8879030274053197984,0,-4944512300285013736,15692009971296929024,-4944512300285013720,15692009971296929024
309,20,310,19,9965243041179546272,12286716527690188753,1,16566018157484192928,0,7270776328844458424,3400936743906682112,7270776328844458440,3400936743906682112
310,20,311,19,12286716527690188753,3805215495160183409,1,3925536050980277569,0,3356602990035917295,12957544334132668936,3356602990035917311,12957544334132668936
311,20,312,19,3805215495160183409,16091932022850372162,1,13657334069166191394,0,-109651447054708376,17024952184781773072,-109651447054708360,17024952184781773072
312,20,313,19,16091932022850372162,1450403444301003955,1,152978009099193382,0,-7458115373081126290,1223824072793547056,-7458115373081126274,1223824072793547056
313,20,314,19,1450403444301003955,17542335467151376117,1,5248344031840940367,0,6219803437905181406,5093264107308419704,6219803437905181422,5093264107308419704
314,20,315,19,17542335467151376117,545994837742828456,1,15592054086423627720,0,4663113616702001936,14055968249131712064,4663113616702001952,14055968249131712064
315,20,316,19,545994837742828456,18088330304894204573,1,4634330080010839560,0,7155523460370723288,181152492667613248,7155523460370723304,181152492667613248
316,20,317,19,18088330304894204573,187581068927481413,1,16757680227318442577,0,-477661168404568507,4934233302580679304,-477661168404568491,4934233302580679304
317,20,318,19,187581068927481413,18275911373821685986,1,8745222454525384938,0,-4477614591069883740,14621547415074424656,-4477614591069883724,14621547415074424656
318,20,319,19,18275911373821685986,16748369039615783,1,9477987136257712238,0,-1788131622156261110,2036920795223491440,-1788131622156261094,2036920795223491440
319,20,320,20,16748369039615783,18292659742861301769,1,1241994880538200159,0,-8390007849386084680,9935959044305601272,-8390007849386084664,9935959044305601272
320,20,321,20,18292659742861301769,18309408111900917552,1,12694741579066439856,0,-1718393409483713368,9324212263983760768,-1718393409483713352,9324212263983760768
321,20,322,20,18309408111900917552,18155323781052667705,1,18395485782951567792,0,1941574449638760280,18036677747645681024,1941574449638760296,18036677747645681024
322,20,323,20,18155323781052667705,18017987819244033641,1,5598227622369160289,0,446602801702714971,7892332831534179080,446602801702714987,7892332831534179080
323,21,324,20,18017987819244033641,17726567526587149730,1,16845941157865464690,1,-2151310669616718784,5640320746956856208,-2151310669616718768,5640320746956856208
324,21,325,20,17726567526587149730,17297811272121631755,1,8046107703808130550,0,-4452654729113900730,9028629409336389552,-4452654729113900714,9028629409336389552
325,21,326,20,17297811272121631755,16577634724999229869,1,7292381953558926959,0,-2313468648321969838,2998823407342760824,-2313468648321969822,2998823407342760824
326,21,327,20,16577634724999229869,15428701923411310008,1,13831038156868650328,0,3297179237208511328,18414584886401444544,3297179237208511344,18414584886401444544
327,21,328,20,15428701923411310008,13559592574700988261,1,15753988443337472408,0,2219868776016497336,15351443104442469568,2219868776016497352,15351443104442469568
328,21,329,20,13559592574700988261,10541550424402746653,1,14984183099434215281,0,4515572033406545969,9193000353216412552,4515572033406545985,9193000353216412552
329,21,330,20,10541550424402746653,5654398925394183298,1,10751816781255621818,0,6324675662121289660,12227557955206768080,6324675662121289676,12227557955206768080
330,21,331,20,5654398925394183298,16195949349796929951,1,17271267244332650174,0,-1701204975853793374,9042929438694340080,-1701204975853793358,9042929438694340080
331,21,332,20,16195949349796929951,3403604201481561633,1,4168496804323225471,0,435133507094485164,14901230360876252152,435133507094485180,14901230360876252152
332,21,333,20,3403604201481561633,1152809477568939968,1,13680967242346577856,0,-583694504848823112,17214017570224864768,-583694504848823096,17214017570224864768
333,21,334,20,1152809477568939968,4556413679050501601,1,18427660849006956480,0,-6373797050666775432,18294078276088790528,-6373797050666775416,18294078276088790528
334,21,335,20,4556413679050501601,5709223156619441569,1,4708527157255188353,0,-9063392658533340729,774729110622403592,-9063392658533340713,774729110622403592
335,21,336,21,5709223156619441569,10265636835669943170,1,14144664696468160194,0,-6652633003762491752,2476853129487971856,-6652633003762491736,2476853129487971856
336,21,337,21,10265636835669943170,15974859992289384739,1,831978784730188998,0,3675689348430418078,6655830277841511984,3675689348430418094,6655830277841511984
337,21,338,21,15974859992289384739,7793752754249776293,1,6798015731431958415,0,-8113691989692007738,17490637704036564088,-8113691989692007722,17490637704036564088
338,21,339,21,7793752754249776293,5321868672829609416,1,1115324335856134632,0,9160068381038607920,8922594686849077056,9160068381038607936,8922594686849077056
339,22,340,21,5321868672829609416,13115621427079385709,1,14994701349845997096,1,6897094603802766616,9277146356510667072,6897094603802766632,9277146356510667072
340,22,341,21,13115621427079385709,18437490099908995125,1,6975291566262753425,0,-1055561412933240547,462100308973372552,-1055561412933240531,462100308973372552
341,22,342,21,18437490099908995125,13106367453278829218,1,5931173348942263178,0,-680562769796670892,10555898644119002192,-680562769796670876,10555898644119002192
342,22,343,21,13106367453278829218,13097113479478272727,1,10818228480564036110,0,2856810017844510906,12758851549674082416,2856810017844510922,12758851549674082416
343,22,344,21,13097113479478272727,7756736859047550329,1,8076768019040293535,0,-7050156580281317984,9273911931193693432,-7050156580281317968,9273911931193693432
344,22,345,21,7756736859047550329,2407106264816271440,1,13412075576556844496,0,-2966688588986104504,15062884243906997888,-2966688588986104488,15062884243906997888
345,22,346,21,2407106264816271440,10163843123863821769,1,13712714636920688336,0,3786037431203398936,17467996726817748608,3786037431203398952,17467996726817748608
346,22,347,21,10163843123863821769,12570949388680093209,1,9279324260495668897,0,-8254694507174425549,447617789127144712,-8254694507174425533,447617789127144712
347,22,348,21,12570949388680093209,4288048438834363362,1,14125258144566318354,0,8755910702338057328,2321600714273237136,8755910702338057344,2321600714273237136
348,22,349,21,4288048438834363362,16858997827514456571,1,14649706099493734550,0,2999320305767560310,6517184353692566704,2999320305767560326,6517184353692566704
349,22,350,21,16858997827514456571,2700302192639268317,1,11377116080205333679,0,-2506091849396361414,17229952346804462968,-2506091849396361398,17229952346804462968
350,22,351,21,2700302192639268317,1112555946444173272,1,1034898067412714872,0,-5685659812328112256,8279184539301718976,-5685659812328112240,8279184539301718976
351,22,352,22,1112555946444173272,3812858139083441589,1,10174322195742362552,0,2693062601658604792,7607601271100693952,2693062601658604808,7607601271100693952
352,22,353,22,3812858139083441589,4925414085527614861,1,11041324446104821169,0,5324529922286481673,14543619274000362888,5324529922286481689,14543619274000362888
353,22,354,22,4925414085527614861,8738272224611056450,1,4502907068862549338,0,7609112038321026668,17576512477190843088,7609112038321026684,17576512477190843088
354,22,355,22,8738272224611056450,13663686310138671311,1,2467396760482826846,0,8928878507054604370,1292430010153063152,8928878507054604386,1292430010153063152
355,23,356,22,13663686310138671311,3955214461040176145,1,2899283212585931199,1,-872844447143383660,4747521626977897976,-872844447143383644,4747521626977897976
356,23,357,22,3955214461040176145,17618900771178847456,1,6230452877274966752,0,-7784355731692615080,12950134870780630784,-7784355731692615064,12950134870780630784
357,23,358,22,17618900771178847456,3127371158509471985,1,15792075419238969056,0,8859313532428127544,15656138911654442752,8859313532428127560,15656138911654442752
358,23,359,22,3127371158509471985,2299527855978767825,1,4252285233022837185,0,-4509359462694234721,15571537790473145864,-4509359462694234705,15571537790473145864
359,23,360,22,2299527855978767825,5426899014488239810,1,15411524353539094114,0,-4321198912501155384,12611730386055443216,-4321198912501155368,12611730386055443216
360,23,361,22,5426899014488239810,7726426870467007635,1,5088799680175341926,0,-7617722827656726322,3816909293983632176,-7617722827656726306,3816909293983632176
361,23,362,22,7726426870467007635,13153325884955247445,1,18301618760696483279,0,2804868910397916846,17285741569605004920,2804868910397916862,17285741569605004920
362,23,363,22,13153325884955247445,2433008681712703464,1,12922568454495004680,0,5419354259460588368,11146827267412279360,5419354259460588384,11146827267412279360
363,23,364,22,2433008681712703464,15586334566667950909,1,2019342529078979144,0,-2829082363633656232,16154740232631833152,-2829082363633656216,16154740232631833152
364,23,365,22,15586334566667950909,18019343248380654373,1,11582203206451484369,0,3199777475304474613,423905283064116872,3199777475304474629,423905283064116872
365,23,366,22,18019343248380654373,15158933741339053666,1,14280523016565922346,0,6242851203324471300,3563719690270069072,6242851203324471316,3563719690270069072
366,23,367,22,15158933741339053666,14731532916010156423,1,12812621769536731054,0,-1687549375955365270,10267253787746090352,-1687549375955365254,10267253787746090352
367,23,368,23,14731532916010156423,11443722583639658473,1,5710598218334719199,0,-1428680055712219000,8791297599258650360,-1428680055712218984,8791297599258650360
368,23,369,23,11443722583639658473,7728511425940263280,1,4319172885467426544,0,7354804398458955752,16106639010029860736,7354804398458955768,16106639010029860736
369,23,370,23,7728511425940263280,725489935870370137,1,7246920438067560432,0,6582671397112375512,2635131283411828608,6582671397112375528,2635131283411828608
370,23,371,23,725489935870370137,8454001361810633417,1,17421588428735254753,0,7048881262436447755,10245498913915176712,7048881262436447771,10245498913915176712
371,24,372,23,8454001361810633417,9179491297681003554,1,8124356700719100594,1,-3005335420861044064,9654621384624149904,-3005335420861044048,9654621384624149904
372,24,373,23,9179491297681003554,17633492659491636971,1,6951481673422047030,0,-8088250206623235674,271621166247721392,-8088250206623235658,271621166247721392
373,24,374,23,17633492659491636971,8366239883463088909,1,12730088319547040495,0,1793060493528828194,9606986187828565880,1793060493528828210,9606986187828565880
374,24,375,23,8366239883463088909,7552988469245174264,1,12792039211509522840,0,861245151587644832,10102593323528424640,861245151587644848,10102593323528424640
375,24,376,23,7552988469245174264,15919228352708263173,1,7199285241271976408,0,-4740128117040958152,2254049709047156416,-4740128117040958136,2254049709047156416
376,24,377,23,15919228352708263173,5025472748243885821,1,8805816512306406385,0,-621108128204083743,15106299877322596232,-621108128204083727,15106299877322596232
377,24,378,23,5025472748243885821,2497957027242597378,1,771420221937691130,0,-3551061286905578724,6171361775501529040,-3551061286905578708,6171361775501529040
378,24,379,23,2497957027242597378,7523429775486483199,1,11955188227216218622,0,-6882704017602839806,3407785449181990896,-6882704017602839790,3407785449181990896
379,24,380,23,7523429775486483199,10021386802729080577,1,16647400386001413119,0,-1221070601839219076,4051994572044443640,-1221070601839219060,4051994572044443640
380,24,381,23,10021386802729080577,17544816578215563776,1,1093524783368917504,0,-7642171231762118152,8748198266951340032,-7642171231762118136,8748198266951340032
381,24,382,23,17544816578215563776,9119459307235092737,1,5079918037814891008,0,3620562705785445368,3745856155100024832,3620562705785445384,3745856155100024832
382,24,383,23,9119459307235092737,8217531811741104897,1,14146229330075755521,0,-5336924251593810569,2489370198348734472,-5336924251593810553,2489370198348734472
383,24,384,24,8217531811741104897,17336991118976197634,1,465281804993272322,0,-5799227619678944520,3722254439946178576,-5799227619678944504,3722254439946178576
384,24,385,24,17336991118976197634,7107778857007750915,1,5696360158613613062,0,-2063883705195613442,8677393121489801264,-2063883705195613426,8677393121489801264
385,24,386,24,7107778857007750915,5998025902274396933,1,16623798670847566863,0,-2680650703763153258,3863180850813673592,-2680650703763153242,3863180850813673592
386,24,387,24,5998025902274396933,13105804759282147848,1,7281547706509984296,0,-4392880858197474704,2912149430951219520,-4392880858197474688,2912149430951219520
387,25,388,24,13105804759282147848,657086587846993165,1,5220844448682386024,1,-3454202019284900456,4873267442039984960,-3454202019284900440,4873267442039984960
388,25,389,24,657086587846993165,13762891347129141013,1,8380985639537173777,0,-4870287266630036787,11707652895168735368,-4870287266630036771,11707652895168735368
389,25,390,24,13762891347129141013,14419977934976134178,1,1475368396219583690,0,3544608240641538996,11802947169756669520,3544608240641539012,11802947169756669520
390,25,391,24,14419977934976134178,9736125208395723575,1,14491863622831128910,0,3168245898139057690,5254444540391721584,3168245898139057706,5254444540391721584
391,25,392,24,9736125208395723575,5709359069662306137,1,5106734324854699807,0,-8855248691298801808,3960386451418495224,-8855248691298801792,3960386451418495224
392,25,393,24,5709359069662306137,15445484278058029712,1,828339351732970512,0,-6504028095714517880,6626714813863764096,-6504028095714517864,6626714813863764096
393,25,394,24,15445484278058029712,2708099274010784233,1,15825027804053763344,0,61457883354311320,15919757990172797056,61457883354311336,15919757990172797056
394,25,395,24,2708099274010784233,18153583552068813945,1,9753255913009216289,0,-2833425766655853597,4239071009235523848,-2833425766655853581,4239071009235523848
395,25,396,24,18153583552068813945,2414938752370046562,1,13434739934973885522,0,7494721021307801296,15244199111243326096,7494721021307801312,15244199111243326096
396,25,397,24,2414938752370046562,2121778230729308891,1,12104219818202888662,0,9221808662063378646,4600038177075351216,9221808662063378662,4600038177075351216
397,25,398,24,2121778230729308891,4536716983099355453,1,4431175445925228847,0,-7279603597875874038,17002659493692279160,-7279603597875874022,17002659493692279160
398,25,399,24,4536716983099355453,6658495213828664344,1,1189306519572797880,0,-5082044606901987904,9514452156582383040,-5082044606901987888,9514452156582383040
399,25,400,25,6658495213828664344,11195212196928019797,1,17583488186502716408,0,5185782517747397496,11540696976054869952,5185782517747397512,11540696976054869952
400,25,401,25,11195212196928019797,17853707410756684141,1,14667669892516248113,0,-2775732614331472199,6660894697872675208,-2775732614331472183,6660894697872675208
401,25,402,25,17853707410756684141,10602175533975152322,1,7972777417336476314,0,-4676947056198502964,8441987117563155664,-4676947056198502948,8441987117563155664
402,25,403,25,10602175533975152322,10009138871022284847,1,9250662359493180830,0,1774627986422448050,218322581107240176,1774627986422448066,218322581107240176
403,26,404,25,10009138871022284847,2164570331287885553,1,1332465587433514559,1,3360519185562884964,10659724699468116472,3360519185562884980,10659724699468116472
404,26,405,25,2164570331287885553,12173709202310170400,1,13193478476516914464,0,-6196998386419610728,13314107443587557632,-6196998386419610712,13314107443587557632
405,26,406,25,12173709202310170400,14338279533598055953,1,1354481694698125600,0,-3482754163847554888,10835853557585004800,-3482754163847554872,10835853557585004800
406,26,407,25,14338279533598055953,8065244662198674737,1,9316710681287013953,0,-8128031900352954033,746709155457905160,-8128031900352954017,746709155457905160
407,26,408,25,8065244662198674737,3956780122087179074,1,8148906275453364642,0,4339827117253483048,9851017982498262288,4339827117253483064,9851017982498262288
408,26,409,25,3956780122087179074,12022024784285853811,1,15130008145073079974,0,8514066642189917998,10359600718327330096,8514066642189918014,10359600718327330096
409,26,410,25,12022024784285853811,15978804906373032885,1,347630012346772047,0,-5045647527499873666,2781040098774176376,-5045647527499873650,2781040098774176376
410,26,411,25,15978804906373032885,9554085616949335080,1,4359625965676787784,0,2472096743333272464,16430263651704750656,2472096743333272480,16430263651704750656
411,26,412,25,9554085616949335080,7086146449612816349,1,12731247884683591304,0,6398811556126958296,9616262708920972352,6398811556126958312,9616262708920972352
412,26,413,25,7086146449612816349,16640232066562151429,1,15387373614664434513,0,-9141402573383853659,12418524475058166408,-9141402573383853643,12418524475058166408
413,26,414,25,16640232066562151429,5279634442465416162,1,14984128885600160618,0,5323349872057152868,9192566642543975248,5323349872057152884,9192566642543975248
414,26,415,25,5279634442465416162,3473122435318015975,1,11118268968426495726,0,2395603469607822282,15159175452573759344,2395603469607822298,15159175452573759344
415,26,416,26,3473122435318015975,8752756877783432137,1,18370678019679326559,0,5250009670845479512,17838215641467751160,5250009670845479528,17838215641467751160
416,26,417,26,8752756877783432137,12225879313101448112,1,7100276943192380720,0,-9110310556015049944,1461983324410390912,-9110310556015049928,1461983324410390912
417,26,418,26,12225879313101448112,2531892117175328633,1,2930152809897815600,0,7318765672456514136,4994478405472973184,7318765672456514152,4994478405472973184
418,26,419,26,2531892117175328633,14757771430276776745,1,1690181486501066081,0,7209768042983726523,13521451892008528648,7209768042983726539,13521451892008528648
419,27,420,26,14757771430276776745,17289663547452105378,1,2140391649605382642,1,-4925966777507319552,17123133196843061136,-4925966777507319536,17123133196843061136
420,27,421,26,17289663547452105378,13600690904019330507,1,4730993462315081846,0,-500112325982117370,954459551101551536,-500112325982117354,954459551101551536
421,27,422,26,13600690904019330507,12443610377761884269,1,12052588737339862895,0,-5108917186414104334,4186989530171145080,-5108917186414104318,4186989530171145080
422,27,423,26,12443610377761884269,7597557208071663160,1,12980028675994955224,0,-6577604019580321824,11606509039411883712,-6577604019580321808,11606509039411883712
423,27,424,26,7597557208071663160,1594423512123995813,1,8440753216935451160,0,211013680978278328,12185793514354954432,211013680978278344,12185793514354954432
424,27,425,26,1594423512123995813,9191980720195658973,1,12342230974811398257,0,6572847361331600273,6504127429943427976,6572847361331600289,6504127429943427976
425,27,426,26,9191980720195658973,10786404232319654786,1,10139195633789191994,0,2759226746160711292,7326588775475329488,2759226746160711308,7326588775475329488
426,27,427,26,10786404232319654786,1531640878805762143,1,18075355926556177726,0,7437957828895313506,15475638896482560496,7437957828895313522,15475638896482560496
427,27,428,26,1531640878805762143,12318045111125416929,1,7193383998460237951,0,-1837908968513276852,2206839766553248760,-1837908968513276836,2206839766553248760
428,27,429,26,12318045111125416929,13849685989931179072,1,3504796068824536128,0,-9075500518457233608,9591624476886737408,-9075500518457233592,9591624476886737408
429,27,430,26,13849685989931179072,7720987027347044385,1,3321004208013370432,0,7632515770113811320,8121289590397411840,7632515770113811336,8121289590397411840
430,27,431,26,7720987027347044385,3123928943568671841,1,6458216555215575169,0,-1967019832229396185,14772244294305498120,-1967019832229396169,14772244294305498120
431,27,432,27,3123928943568671841,10844915970915716226,1,16053645457633355074,0,-800934017182015656,17748699218809530896,-800934017182015640,17748699218809530896
432,27,433,27,10844915970915716226,13968844914484388067,1,4809231670265386822,0,-2084767104266838690,1580365214703991344,-2084767104266838674,1580365214703991344
433,27,434,27,13968844914484388067,6367016811690552677,1,16820793626872357007,0,-4686219126379498906,5439140499011994744,-4686219126379498890,5439140499011994744
434,27,435,27,6367016811690552677,1889117652465389128,1,8759661062932580968,0,-8023460882204463440,14737056282331992896,-8023460882204463424,14737056282331992896
435,28,436,27,1889117652465389128,8256134464155941805,1,9458189561925385896,1,-8300023511471311336,1878540200564880704,-8300023511471311320,1878540200564880704
436,28,437,27,8256134464155941805,10145252116621330933,1,1168163549134025105,0,-6021363092298474371,9345308393072200840,-6021363092298474355,9345308393072200840
437,28,438,27,10145252116621330933,18401386580777272738,1,12493045159186241034,0,-6729210168163257068,7710640904942170192,-6729210168163257052,7710640904942170192
438,28,439,27,18401386580777272738,10099894623689052055,1,17864227854715146382,0,2529796893389824890,13786614321754309744,2529796893389824906,13786614321754309744
439,28,440,27,10099894623689052055,10054537130756773177,1,4206150257540094879,0,6031705946686585152,15202457986611207416,6031705946686585168,15202457986611207416
440,28,441,27,10054537130756773177,1707687680736273616,1,13200966991614689872,0,-7544683990140077112,13374015564369760896,-7544683990140077096,13374015564369760896
441,28,442,27,1707687680736273616,11762224811493046793,1,16950006643594423120,0,2524842542657062936,6472844632788523648,2524842542657062952,6472844632788523648
442,28,443,27,11762224811493046793,13469912492229320409,1,755564791749476257,0,2673809418246052755,6044518333995810056,2673809418246052771,6044518333995810056
443,28,444,27,13469912492229320409,6785393230012815586,1,3763431805363557266,0,-7689989126149770960,11660710369198906512,-7689989126149770944,11660710369198906512
444,28,445,27,6785393230012815586,1808561648532584379,1,10534730624341195542,0,2482133109605905718,10490868699891357872,2482133109605905734,10490868699891357872
445,28,446,27,1808561648532584379,8593954878545399965,1,9394015993950477743,0,2320228569844856538,1365151656765615480,2320228569844856554,1365151656765615480
446,28,447,27,8593954878545399965,10402516527077984344,1,17647317357510237688,0,-6855604740611845120,12051330344115040192,-6855604740611845104,12051330344115040192
447,28,448,28,10402516527077984344,549727331913832693,1,6654447931161132088,0,-7179866780760186376,16342095301869953472,-7179866780760186360,16342095301869953472
448,28,449,28,549727331913832693,10952243858991817037,1,2316026435973158577,0,6878201624213310569,81467414075717000,6878201624213310585,81467414075717000
449,28,450,28,10952243858991817037,11501971190905649730,1,293631376758343642,0,3006911025287777580,2349051014066749136,3006911025287777596,2349051014066749136
450,28,451,28,11501971190905649730,4007470976187915151,1,17011611768011423966,0,-1608627290021263598,6965685628124530416,-1608627290021263582,6965685628124530416
451,29,452,28,4007470976187915151,15509442167093564881,1,13847715779856825023,1,5721291507746912564,101261796597290488,5721291507746912580,101261796597290488
452,29,453,28,15509442167093564881,1070169069571928416,1,6084791497849499488,0,7845681543100077272,11784843835376892672,7845681543100077288,11784843835376892672
453,29,454,28,1070169069571928416,16579611236665493297,1,4406658713691673440,0,8374696055388167224,16806525635823835904,8374696055388167240,16806525635823835904
454,29,455,28,16579611236665493297,17649780306237421713,1,7135184643225520833,0,-117944305269105409,1741244924675511816,-117944305269105393,1741244924675511816
455,29,456,28,17649780306237421713,15782647469193363394,1,16998895215984889058,0,3863707531097731720,6863953211912251152,3863707531097731736,6863953211912251152
456,29,457,28,15782647469193363394,14985683701721233491,1,6968012857310043110,0,-6904848961062728306,403870637351690032,-6904848961062728290,403870637351690032
457,29,458,28,14985683701721233491,12321587097205045269,1,3905143355945240271,0,-778518126906462642,12794402773852370552,-778518126906462626,12794402773852370552
458,29,459,28,12321587097205045269,8860526725216727144,1,4747417210525677704,0,2348698933558975440,1085849536786318400,2348698933558975456,1085849536786318400
459,29,460,28,8860526725216727144,2735369748712220797,1,10337108275631792840,0,-4190164226439610536,8909889910216136256,-4190164226439610520,8909889910216136256
460,29,461,28,2735369748712220797,11595896473928947941,1,7817163542660149201,0,6597298792966216533,7197076120152538760,6597298792966216549,7197076120152538760
461,29,462,28,11595896473928947941,14331266222641168738,1,13114382352348654762,0,8312590608345569988,12681338450241480016,8312590608345570004,12681338450241480016
462,29,463,28,14331266222641168738,7480418622860565063,1,13079239440676263470,0,5155804856377056554,12400195156862349680,5155804856377056570,12400195156862349680
463,29,464,29,7480418622860565063,3364940771792182185,1,7676591895970584031,0,1717033504407528488,6072502946636017400,1717033504407528504,6072502946636017400
464,29,465,29,3364940771792182185,10845359394652747248,1,9950536247235488624,0,-3133407536595245464,5817313683045702528,-3133407536595245448,5817313683045702528
465,29,466,29,10845359394652747248,14210300166444929433,1,3728272772026330224,0,3381168835572032472,11379438102501090176,3381168835572032488,11379438102501090176
466,29,467,29,14210300166444929433,6608915487388125065,1,1234282068843502049,0,4560659864919356779,9874256550748016392,4560659864919356795,9874256550748016392
467,30,468,29,6608915487388125065,2372471580123502882,1,18421317508213727538,1,6547111421663883104,18243331549742958992,6547111421663883120,18243331549742958992
468,30,469,29,2372471580123502882,8981387067511627947,1,17136182308378577334,0,-5910913507811734938,7962249951061757360,-5910913507811734922,7962249951061757360
469,30,470,29,8981387067511627947,11353858647635130829,1,14540485343212452847,0,8732804037318740162,5643418303442313080,8732804037318740178,5643418303442313080
470,30,471,29,11353858647635130829,1888501641437207160,1,8038529647549229592,0,4564928885229056544,8968004959265181888,4564928885229056560,8968004959265181888
471,30,472,29,1888501641437207160,13242360289072337989,1,9575103599435235928,0,-3399125408787912,2813852500643680960,-3399125408787896,2813852500643680960
472,30,473,29,13242360289072337989,15130861930509545149,1,2240037077046926577,0,8073125241751828801,17920296616375412616,8073125241751828817,17920296616375412616
473,30,474,29,15130861930509545149,9926478145872331522,1,15591751705415095418,0,-6654065190774969892,14053549201063453648,-6654065190774969876,14053549201063453648
474,30,475,29,9926478145872331522,6610596002672325055,1,7641729891779256446,0,-4186883925634856510,5793606913105396720,-4186883925634856494,5793606913105396720
475,30,476,29,6610596002672325055,16537074148544656577,1,7333437969922673919,0,4281843752087530012,3327271538252736504,4281843752087530028,3327271538252736504
476,30,477,29,16537074148544656577,4700926077507430016,1,14358584017988765312,0,5302525234397404280,4188207701652812800,5302525234397404296,4188207701652812800
477,30,478,29,4700926077507430016,2791256152342534977,1,17295570010334070400,0,3141119917806527224,9237351566705701888,3141119917806527240,9237351566705701888
478,30,479,29,2791256152342534977,7492182229849964993,1,634637865594342657,0,8843632440337306839,5077102924754741256,8843632440337306855,5077102924754741256
479,30,480,30,7492182229849964993,10283438382192499970,1,3055087660158509186,0,9149295053029831608,5993957207558521872,9149295053029831624,5993957207558521872
480,30,481,30,10283438382192499970,17775620612042464963,1,8530625114881184902,0,8053495894329479102,12904768697920824368,8053495894329479118,12904768697920824368
481,30,482,30,17775620612042464963,9612314920525413317,1,4090043610775493903,0,-2400595493133961674,14273604812494399608,-2400595493133961658,14273604812494399608
482,30,483,30,9612314920525413317,8941191458858326664,1,3739505717445296808,0,-1599657697457700112,11469301665852822848,-1599657697457700096,11469301665852822848
483,31,484,30,8941191458858326664,106762305674188365,1,7128473541560396520,1,640052331545763480,1687556111354517312,640052331545763496,1687556111354517312
484,31,485,30,106762305674188365,9047953764532515029,1,17645914907235892753,0,-1020520191823964627,12040110741920280712,-1020520191823964611,12040110741920280712
485,31,486,30,9047953764532515029,9154716070206703394,1,8915783032728178506,0,-1914303415849875852,15986032040696773200,-1914303415849875836,15986032040696773200
486,31,487,30,9154716070206703394,18202669834739218423,1,9101434190948642766,0,5179873301696639194,17471241306460487280,5179873301696639210,17471241306460487280
487,31,488,30,18202669834739218423,8910641831236370201,1,18388519540117749791,0,8479915754619812624,17980947804975137016,8479915754619812640,17980947804975137016
488,31,489,30,8910641831236370201,8666567592266037008,1,9170636281985503376,0,1882331979490108168,18024858034755372160,1882331979490108184,18024858034755372160
489,31,490,30,8666567592266037008,17577209423502407209,1,9123389305838760336,0,6348694023281073560,17646882225581427840,6348694023281073576,17646882225581427840
490,31,491,30,17577209423502407209,7797032942058892601,1,18199531635530777633,0,7745901370188835651,16469044568279359752,7745901370188835667,16469044568279359752
491,31,492,30,7797032942058892601,6927498291851748194,1,8581717453334469330,0,-2099405838928409712,13313507405547099792,-2099405838928409696,13313507405547099792
492,31,493,30,6927498291851748194,14724531233910640795,1,7545620724472630358,0,-6251285724322659946,5024733574652388016,-6251285724322659930,5024733574652388016
493,31,494,30,14724531233910640795,3205285452052837373,1,14055144720083421743,0,7265720006418933418,1760693318410064248,7265720006418933434,1760693318410064248
494,31,495,30,3205285452052837373,17929816685963478168,1,16173069362068083256,0,-217593766244189632,257346380577804736,-217593766244189616,257346380577804736
495,31,496,31,17929816685963478168,2688358064306763925,1,16017319292411276408,0,-5956326732823648136,17458089897032901568,-5956326732823648120,17458089897032901568
496,31,497,31,2688358064306763925,2171430676560690477,1,13432144441456194353,0,-1945567279129091559,15223435163101796744,-1945567279129091543,15223435163101796744
497,31,498,31,2171430676560690477,4859788740867454402,1,5832369958247755034,0,8381419634982403212,9765471518562937040,8381419634982403228,9765471518562937040
498,31,499,31,4859788740867454402,7031219417428144879,1,4064965433287070750,0,-724096897802373518,14072979392587014384,-724096897802373502,14072979392587014384
499,32,500,31,7031219417428144879,11891008158295599281,1,6362526341613457215,1,8423190128685729540,14006722585488554488,8423190128685729556,14006722585488554488
500,32,501,31,11891008158295599281,475483502014192544,1,15022613591553300896,0,57827294706689560,9500444290169097472,57827294706689576,9500444290169097472
501,32,502,31,475483502014192544,12366491660309791825,1,1811826285627342240,0,5646335773157775288,14494610285018737920,5646335773157775304,14494610285018737920
502,32,503,31,12366491660309791825,12841975162323984369,1,8859609339038277441,0,-7728568301457938257,15536642491177564680,-7728568301457938241,15536642491177564680
503,32,504,31,12841975162323984369,6761722748924224578,1,6320257657777938466,0,-5876865231671442712,13668573114804404496,-5876865231671442696,13668573114804404496
504,32,505,31,6761722748924224578,1156953837538657331,1,10101163634295537958,0,-8660473098299128850,7022332779526097200,-8660473098299128834,7022332779526097200
505,32,506,31,1156953837538657331,7918676586462881909,1,5536489171399123791,0,-2441578475895207394,7398425223773887096,-2441578475895207378,7398425223773887096
506,32,507,31,7918676586462881909,9075630424001539240,1,6508303879901833416,0,-2257122083780197360,15172942891795564096,-2257122083780197344,15172942891795564096
507,32,508,31,9075630424001539240,16994307010464421149,1,13988422468306376456,0,4122145521461867480,1226915304193701952,4122145521461867496,1226915304193701952
508,32,509,31,16994307010464421149,7623193360756408773,1,17010219451307744337,0,6678730145862159621,6954547094495093384,6678730145862159637,6954547094495093384
509,32,510,31,7623193360756408773,6170756297511278306,1,148747738197753322,0,2074370186015987748,1189981905582026576,2074370186015987764,1189981905582026576
510,32,511,31,6170756297511278306,13793949658267687079,1,1882767836995067246,0,2863672871582678666,15062142695960537968,2863672871582678682,15062142695960537968
511,32,512,32,13793949658267687079,1517961882069413769,1,5499555772787448415,0,-6579287610387808776,7102958034880484088,-6579287610387808760,7102958034880484088
